name,headquarters,founded,employees,key_people
Xilinx,1134 Lynch Viaduct Harrisonburg Canary Islands,1956-11-18,201,Trula Hurst
Rivera Property Maintenance,823 Edgemont Stravenue Lauderhill Singapore,1944-10-31,60,Janise Francis
Conseco,340 Fifth Nene Farmington Hills Jamaica,1966-01-07,402,Hyacinth Soto
Xerox,1394 Santa Cruz Freeway Petersburg Lebanon,1953-09-27,80,Dorie Buck
Ameren,295 Cochrane Plaza Shaker Heights Malta,1961-07-05,466,Creola Shields
Total Yard Management,778 Andover Grove Florence Nicaragua,1945-02-03,306,Dorian Navarro
Washburn Guitars,182 Aerial Bay Boca Raton Slovakia,1962-07-01,431,Adrian Day
Star Merchant Services,471 Rosenkranz Glen Palmdale Slovakia,1961-10-26,480,Junko Daniels
Ultimate Software,911 Barneveld Avenue Tooele Anguilla,1974-09-30,433,Bebe Chang
"PalmOne, Inc.",1156 Isadora Duncan Glen Hemet New Caledonia,1943-05-03,99,Jackson Ferrell
The Independent Planners,1051 Old Chinatown Gardens Hillsboro Bermuda,1951-01-10,405,Lloyd Sloan
Southwest Airlines,307 Broadmoor Walk Arnold Mexico,1970-09-27,337,Chas Sloan
Four Leaf Clover,1054 Encanto High Street Clovis St. Martin,1948-03-25,314,Ghislaine Barron
Eli Lilly and Company,924 Carroll Square Roseburg Bosnia & Herzegovina,1948-12-16,301,Vashti Reese
Baker Hughes,729 Wheat Manor Cortland Hungary,1944-05-04,383,Maricruz Rios
Omni Source,872 Ridge Place Independence Myanmar,1955-08-20,75,Lynell Brock
Integra Investment Service,1199 Grand View Gardens Morton Grove Poland,1947-04-19,78,Emery Bryant
Integra Investment Service,864 Fifth Turnpike Fountain Valley Tonga,1978-09-13,194,Madie Miranda
Simple Solutions,1393 Cowles Road Warren Paraguay,1966-04-21,87,Bethanie Travis
Choices,917 Dolphin Garden Richardson Guadeloupe,1941-12-06,106,Jaymie Sutton
Spherion,1117 Maynard High Street Winter Garden Greece,1946-09-24,417,Hal Johns
Zappos.com,1147 Ellert Private Fishers Spain,1980-04-01,414,Robt Hartman
Walgreens,454 Porter Trail Garden City Bangladesh,1945-09-04,378,Ngan Moon
OSI Restaurant Partners,1338 Sumner Parkway Del City Ethiopia,1954-06-17,186,Lucas Leonard
Lee (jeans),1097 Pagoda Mall Charlottesville Puerto Rico,1980-12-23,96,Pearle Salinas
Colgate-Palmolive,1010 Jerrold Court Lake Havasu City Sierra Leone,1965-08-28,499,Corey Bird
GE Consumer & Industrial,68 Dove Arcade Golden Albania,1946-11-03,221,Milo French
Asbury Automotive Group,718 Rizal Cove Sierra Vista Grenada,1958-08-10,183,Brenton Cross
Coventry Health Care,915 Masonic Trail Golden Ukraine,1947-04-29,346,Ward Sexton
W. R. Grace and Company,583 Duncombe Extension Diamond Bar St. Lucia,1967-12-12,113,Ike Garrison
Liz Claiborne,787 Pond Wynd Calumet City Central African Republic,1979-06-02,123,Bobette Nixon
Belle Lady,813 Ordway Street Fullerton British Indian Ocean Territory,1980-06-27,191,Norman Cooley
Dream Home Real Estate Service,978 Lopez Spur Romulus France,1973-09-10,230,Julio Bryan
Sunoco,1376 West Crystal Cove Trail Racine St. Vincent & Grenadines,1970-09-17,481,Gennie Mason
KPMG,134 Ortega Side road Rockville Montenegro,1954-10-19,384,Ricardo Rosa
Gartner,1120 Tehama Cove Palos Hills Serbia,1970-10-20,294,Sol Jensen
Red Hat,854 Emmett Extension Buffalo Djibouti,1960-09-30,171,Epifania Dudley
Quiznos,1301 Coleman Boulevard Santa Maria Suriname,1971-05-06,297,Lisabeth Andrews
Rite Aid Corporation,885 Broadmoor Parade Baltimore Western Sahara,1949-11-21,102,Marcellus Patterson
Prestigabiz,1376 Manor Street Christiansburg Cayman Islands,1945-05-25,63,Mauro Lamb
Subway,9 Vandewater Mall San Angelo Mongolia,1970-10-17,223,Erick Hale
Asian Answers,1219 Vernon Walk Elk River Uganda,1958-04-28,217,Antonio Weber
Delphi,518 Onondaga Concession road Ridgewood Tristan da Cunha,1977-07-07,346,Dorla Colon
Harman International Industries,795 Appleton Alley Kalamazoo Tokelau,1970-11-27,154,Olin Sexton
VECO Corporation,687 Heather Crescent North Augusta Kuwait,1980-04-13,320,Bethanie Gomez
Monk Real Estate Service,678 Avocet Plaza South St. Paul St. Vincent & Grenadines,1943-04-29,127,Ellamae Hardy
Envirotecture Design,680 Diamond Cove Glen Maryville Laos,1970-02-01,335,Jed Clayton
Hallmark Cards,104 Hotaling Expressway Lufkin El Salvador,1945-05-13,303,Janise Burks
Monk Home Funding Services,651 Montezuma Row Hempstead Mongolia,1942-09-24,392,Garrett Hill
General Dynamics,921 Torney Thruway Lynn Myanmar,1959-12-17,386,Raguel Hubbard
Independent Investors,119 Elim Point Greeley Peru,1960-03-19,75,Stacy Underwood
Publix,1049 Eddy Road Agoura Hills Paraguay,1946-03-12,473,Darrick Potts
Eli Lilly and Company,1186 Rolph Glen Elk Grove Guinea,1965-12-10,460,Randee Holland
System Star,481 Glen Thruway North Chicago Jamaica,1959-02-20,118,Brett Allison
Expeditors International,535 Telegraph Hill Freeway Ames Cuba,1974-12-23,120,Antoine Russell
JL Audio,1363 Dorchester Court Lakeland Thailand,1964-10-03,144,Rocky Davidson
Becton Dickinson,1158 Newcomb Arcade Chesapeake Comoros,1948-10-16,106,Cornelius Holt
Ecolab,1060 Poppy Parkway Fort Lauderdale Colombia,1958-06-02,409,Annabell Mcintyre
Rite Aid Corporation,1282 Hotaling Gardens Savannah Namibia,1947-05-18,381,Casey Justice
Crazy Eddie,1087 Cranleigh Gardens Kenmore Lithuania,1949-06-07,355,Jamee Schwartz
Altec Lansing,167 Rodriguez Close Whitehall Ghana,1965-12-31,161,Gene Barker
Multi-Systems Merchant Services,661 Heyman Bypass North Ogden South Africa,1945-04-22,348,Perry Hyde
Qpass,124 Gateview 3 Terrace Avondale Sri Lanka,1945-12-15,289,Blake Wilkins
NetZero,204 Islais Street Salisbury China,1948-11-27,73,Marcell Gay
QuickTrip,118 Allen Trace Wheaton Algeria,1951-02-28,230,Wen Hoover
Quanta Services,222 Amethyst Court Fort Walton Beach Bosnia & Herzegovina,1941-02-11,195,Nancee Walters
Megatronic Mux,442 Maywood Thruway Honolulu Spain,1944-06-20,84,Nam Norman
American Axle,1006 Roemer Thruway Roseville Vietnam,1970-03-15,76,Johnie Hamilton
SBC Communications,1181 Lucerne Green Maricopa Hungary,1958-12-29,96,Merrie Lucas
Quest Technology Service,1364 Carrie Private Englewood Zimbabwe,1959-07-17,380,Kristopher Alvarez
Alaska Air Group,1325 Water Line Eagle Venezuela,1977-07-22,273,Don Ortiz
PepsiCo,78 Antonio Green Kingsport Togo,1972-09-04,210,Jamaal Hamilton
Nordstrom,92 Cambon Brae Hudson Congo - Kinshasa,1980-02-21,368,Quinn Waters
Hoyden,242 North Hughes Park Richardson Aruba,1974-07-04,462,Clyde Baxter
Quality Merchant Services,1023 Norfolk Path St. Clair Shores Slovakia,1971-11-02,89,James Garza
Omni Tech Solutions,1046 Harrington Trail Ellensburg Bolivia,1962-09-26,226,Rudy Pace
BNSF Railway,89 Lyon Wynd Elyria Liechtenstein,1975-04-15,468,Kent Mcpherson
Honeywell,1363 Bay Shore Bypass Barstow Kyrgyzstan,1941-10-07,451,Solange Dawson
Fiserv,643 Reservoir Trail Shoreview Russia,1960-01-03,76,Deedra Webster
Macroserve,343 Navy Route Independence Samoa,1975-02-06,131,Tamala Baldwin
Wheeling-Pittsburgh Steel,1003 Selma Lane Vernon Hills Cayman Islands,1945-05-12,423,Kristofer Burks
The Spotted Cougar,38 Broadmoor Concession road Waterbury Ecuador,1955-09-30,203,Halley Pierce
Wendy's/Arby's Group,1140 Burritt Promenade Sioux Falls United Kingdom,1975-05-15,264,Jina Duran
Air Products & Chemicals,1165 Clarke Gate Grandville Kazakhstan,1949-11-17,88,Lincoln Alston
American International Group,1164 Anzavista Ferry Lincoln Park Iran,1978-10-09,78,Mickie Hernandez
Arryx,1086 Bellevue Cove South Pasadena Tokelau,1972-08-17,358,Allen Velez
Acuserv,487 Arleta High Street Weatherford Turkmenistan,1972-02-14,277,Stacee Pope
Winnebago Industries,835 Mahan Trace East Lansing Chile,1946-10-22,446,Salvador Mckee
Wheeling-Pittsburgh Steel,93 Larch Plaza Huber Heights Eritrea,1975-12-13,409,Dennis Swanson
Fabrik Inc.,382 Thomas Mellon Ferry Oakland Park Hong Kong SAR China,1952-11-23,272,Lance Garrison
Assurant,325 Oxford Extension Atwater France,1961-11-18,464,Cher Potter
Audiovox,305 Bosworth Field Lino Lakes Luxembourg,1946-04-03,215,Miquel Medina
Intel,1133 Nadell Plantation Upland Ecuador,1952-04-27,226,Wendell Bolton
Johnson Controls,959 Jerome Lane DeSoto Turkey,1958-07-16,95,Kyle Leon
System Star,630 Sanches Annex St. Paul Sri Lanka,1963-04-14,381,Lyla Hogan
Forum Communications,507 Dellbrook Nene Lewiston Romania,1951-03-02,290,Ethyl Booker
Friendly Advice,695 Farnum Viaduct Belmont New Caledonia,1971-08-14,211,Leon Horton
Total Sources,233 Byxbee Loop Wasco Morocco,1943-02-12,263,Beula Vargas
Venus Swimwear,1149 Walter U Lum Boulevard Albuquerque Iraq,1947-11-22,444,Quinn Maddox
Quantrix,569 Carver Gate Sunnyvale Iran,1952-05-01,302,Marty Parrish
Barnes & Noble,222 North 15Th Thruway Blacksburg Norfolk Island,1948-04-21,67,Ronny Haley
Road Runner Lawn Services,119 Hitchcock Street Ocala Armenia,1975-12-05,121,Arlyne Avery
Autodesk,920 Bernard Cove Hannibal Netherlands,1978-02-04,232,Joesph Lucas
Pro Star Garden Management,595 Cargo Spur Sierra Vista Greece,1966-09-14,247,Clayton Velez
Corinthian Designs,1287 Chase Plaza Pico Rivera Honduras,1980-06-30,90,Carline Rosario
Rich and Happy,1357 San Jose Private St. Joseph Gibraltar,1946-11-23,279,Deshawn Larsen
Belle Ladi,1185 Ezekiel Parkway Hutchinson Myanmar,1973-09-19,338,Shaunte Ryan
Storage Technology Corporation,229 Marview Point Elizabeth Argentina,1946-03-11,347,Desirae Harmon
Arch Coal,426 Sussex Square Muscatine Libya,1948-07-22,172,Wallace Pittman
Ultimate Software,553 Lakeshore Row Laguna Hills Cayman Islands,1980-02-06,92,Hanh Powers
Interstate Batteries,1046 Hemlock Expressway Cedar City Brazil,1944-07-23,268,Tenisha Garrison
General Mills,167 Waltham Avenue Galesburg Antigua & Barbuda,1958-01-19,331,Grant Solis
Wheeling-Pittsburgh Steel,912 Lone Mountain Thruway Pleasant Grove Tokelau,1960-11-09,350,Georgiann James
Dream Home Real Estate Service,206 Rivas Turnpike Hanford St. Martin,1971-03-26,350,Jan Hansen
Kenworth,582 Jules Line Grand Forks Venezuela,1968-08-15,233,Travis Parker
Time Warner Cable,531 San Ramon Bypass Champlin Liechtenstein,1973-01-26,418,Andreas Bauer
Storage Technology Corporation,692 Sylvan High Street West Sacramento Chile,1970-02-04,436,Deandrea Hicks
H-E-B,544 Lamartine Street Bloomingdale Belgium,1970-09-16,408,Florencio Cardenas
Strategy Planner,1046 Fulton Arcade Creve Coeur Gabon,1957-12-23,444,Taneka Singleton
Comcast,228 Crissy Field Place Tifton Iran,1944-11-16,62,Irving Lancaster
Babcock and Wilcox,351 Noe Viaduct New Brighton Chile,1973-05-25,497,Maryetta Lucas
DuPont (E.I. du Pont de Nemours),178 Hutchins Garden Alexandria Central African Republic,1963-08-08,268,Micheal Richard
Northern Star,1014 Thor Avenue Pico Rivera Bosnia & Herzegovina,1967-06-30,492,Shantay Guerra
Avant Garde Interior Designs,611 Theresa Sideline Moorhead St. Barthélemy,1959-12-05,50,Joey Padilla
Buena Vista Realty Service,1089 San Luis Mall Redondo Beach Djibouti,1950-10-15,238,Fredricka Rutledge
WWE,272 Canyon Street Muskogee Norway,1944-05-16,289,Grisel Harper
Superior Appraisals,1125 Mizpah Crescent Olive Branch Haiti,1956-08-09,375,Garry Sherman
Viacom,756 South Hughes Private Danville South Sudan,1959-03-14,210,Anjelica Bender
Modern Realty,1014 Aerial Loop Arcata Papua New Guinea,1973-03-15,394,Horace Goodwin
KBR,180 Polk Bend Chula Vista Yemen,1962-05-31,447,Rosamaria Church
Gamma Grays,1316 Graymalkin Court Fountain Hills Barbados,1949-08-12,169,Winfred Hunt
Office Depot,488 Persia Walk South Milwaukee Seychelles,1960-08-28,150,Aubrey Cardenas
Strategy Planner,1331 Sal Annex Lakeville Egypt,1975-10-21,316,Jerry Carrillo
Netstars Matrix Design,328 Zircon Thruway Jackson Faroe Islands,1968-01-09,127,George Marsh
Garden Master,819 Lysette Manor Gardena Montserrat,1974-08-27,276,Edmundo Buckner
Listen Up,676 Paraiso Sideline Commerce City Gabon,1940-07-03,355,Herbert Justice
Marsh & McLennan,217 Castro Bypass Coconut Creek Egypt,1943-12-18,284,Diedre Rocha
DST Systems,582 Jack Kerouac Side road Tyler Slovakia,1975-08-01,468,Santos Ellison
Envirotecture Design,1247 Bay View Mews Morganton Timor-Leste,1964-10-24,268,Johnnie Hopper
Adaptec,1125 Burrows Promenade Ann Arbor São Tomé & Príncipe,1966-03-15,409,Lyle Greer
Monk Real Estate Service,569 Ellert Side road Parkland Samoa,1969-02-18,137,Trenton Farmer
Subway,642 Hawthorne Townline Mountain View Cape Verde,1948-03-24,298,Criselda Fletcher
Sunburst Garden Management,1179 El Polin Street Canton Belarus,1956-01-11,381,Holley Wells
Happy Bear Investment,1053 Charter Oak Parkway Topeka Bahrain,1974-11-03,204,Armand Wilkerson
Cerner Corporation,450 Payson Mews Starkville Gabon,1954-09-21,366,Jed Stokes
The Weinstein Company,70 Avoca High Street Gurnee Moldova,1941-03-23,276,Gavin Snow
American Home Mortgage,1060 Beacon Manor Perrysburg Kuwait,1943-03-23,358,Audie Mills
Motorola,242 Pond Park San Antonio Maldives,1971-02-10,307,Elisa Erickson
Adapt,1349 Crespi Cove Denver Nigeria,1941-02-16,70,Sha Ortega
Parts and Pieces,1352 Baxter Wynd Inver Grove Heights United States,1969-09-18,246,Voncile Rojas
Avon Products,731 Lakeview Parkway Buffalo Guam,1968-11-26,230,Steven Vargas
Prahject Planner,145 Alameda Trace Harlingen Tajikistan,1961-11-05,247,Delcie Carlson
Fairchild Semiconductor,293 Madison Mall Midvale Chad,1973-03-27,250,Gwenda Mathis
System Star,440 Normandie Place Bothell France,1946-04-04,485,Gavin Petersen
Spanx,211 Euclid Hill Boca Raton Andorra,1957-04-09,400,Earlie Hayes
Lone Wolf Wealth Planning,673 Brannan Trail Kentwood Finland,1970-12-20,260,Keith Mclean
Simple Solutions,1151 Capp Private Ankeny Sudan,1979-04-21,400,Rogelio Sanders
Sunoco,1366 Santa Ysabel Green Douglas Switzerland,1947-01-01,494,Santos Stephenson
Vantec,631 Blythdale Expressway Bartow Nepal,1974-11-25,341,Camila Franco
Garmin,998 Crown High Street Palm Beach Gardens St. Helena,1941-09-08,371,Linn Romero
Magna Solution,756 Torrens Terrace Darien Ecuador,1970-11-05,324,Eusebio Bass
Dippin' Dots,1132 Edgewood Hill Irving United Arab Emirates,1967-06-03,166,Woodrow Todd
Darden Restaurants,622 Dwight Court Manassas Haiti,1944-11-24,440,Vance Sampson
Tempur-Pedic,1389 Anglo Line Friendswood Burkina Faso,1961-02-02,157,Romana Woodward
Hot Topic,479 Rex Parkway Lomita India,1950-06-01,289,Steven Stewart
Morgan Stanley,1369 Phelps Freeway Burton Moldova,1954-03-03,102,Benedict Rasmussen
Destiny Planners,958 Bannock Arcade Meriden Burundi,1963-08-28,250,Art Meyers
Emerson Electric Company,1018 Treat Stravenue Rochester Hills South Sudan,1958-09-30,185,Gale Thornton
Expeditors International,1011 State Alley Wisconsin Rapids Norway,1949-08-09,396,Patricia Velazquez
Popeyes Chicken & Biscuits,975 Gibbon Close Minot Greece,1979-04-17,479,Antonio Gilbert
Rite Solution,879 Seville Place Battle Creek Gibraltar,1955-06-02,487,Leopoldo Jackson
Pluto Marine,487 Union Route Sheboygan Christmas Island,1942-10-21,473,Sheldon Carpenter
Orion,239 Park Presidio Pike Waukesha New Zealand,1971-04-26,469,Chang Dotson
Esselte,1380 Sutro Heights Line Painesville Argentina,1968-09-06,103,Patrick Wagner
Oracle Corporation,159 Continuum Heights Madisonville Bermuda,1954-05-06,411,Dewey Wright
Global Insight,576 Metson Arcade St. Joseph Tunisia,1965-05-10,345,Leonardo Gross
Formula Grey,1106 Knockash Drung Arcadia Solomon Islands,1952-03-18,284,Jim Frazier
Citigroup,642 Vulcan Crescent Harker Heights Spain,1977-08-05,498,Salvador Frazier
Omni Source,786 Montgomery Glen Minnetonka Indonesia,1940-07-22,348,Yolando Preston
Ideal Garden Management,83 Caire Mews Haverhill Pitcairn Islands,1960-10-07,345,Nancee Stafford
Sears,547 Tamalpais Wynd Tualatin Sierra Leone,1950-07-06,385,Natisha Ward
Kroger,102 Esmeralda Glen Turlock Martinique,1967-12-08,104,Dominick Christian
U.S. Steel,625 Richards Spur Fontana India,1954-05-18,138,Virgilio Lee
Kohler Company,1166 Cityview Park Waukegan Antarctica,1978-02-10,379,Min Talley
Brinks,1290 Toyon Court Freeport Nepal,1976-12-12,67,Felton Gilbert
Google,811 Hamerton Viaduct Monterey Park Switzerland,1946-01-19,303,Kathe Jensen
Russell Investment Group,63 Payson Hill Amsterdam Montserrat,1946-10-12,140,Jeffry Johnston
Antec,709 Dawson Concession road Faribault United Arab Emirates,1974-11-24,99,Neoma Preston
WWE,423 Cook Pike Ceres Bahamas,1942-02-07,415,Cyrstal Atkinson
A+ Electronics,1119 Bepler Bend Elk River Jordan,1953-11-16,312,Marlen York
L&L Hawaiian Barbecue,92 Upland Grove Payson St. Barthélemy,1977-08-12,176,Tien Goff
Koch Industries,353 Galindo Circle Fairbanks Åland Islands,1949-01-17,143,Thaddeus Pacheco
Nabisco,1004 Archer Terrace Norco Iran,1977-01-23,302,Ernest Hardy
Knockout Kickboxing,1052 Plum Square Schertz Curaçao,1946-06-14,113,Mark Mueller
Domtar,41 Mclea Bypass Murrieta San Marino,1976-10-16,62,Fermin Lyons
Hot Topic,993 Georgia Pike Oak Park South Africa,1977-04-04,258,Breana Stewart
Avaya,423 Dolores High Street Farmington Hills Niue,1969-10-26,258,Leland Romero
Papa John's Pizza,527 Arch Promenade Baldwin Diego Garcia,1977-06-26,99,Darrell Anderson
Soyo Group,30 Rankin Line Rapid City Tonga,1940-07-28,232,Genevive Campos
Network Air,118 Woodside Ferry Wyoming Guinea,1953-10-17,469,Roseline Conway
Lowe's,244 Spofford Extension East Orange Belgium,1952-10-23,492,Rodrick Vaughan
Alexander & Baldwin,1205 Moss Drung Owasso Iceland,1941-06-07,378,Verlie Dalton
Farnod,1131 Cedar Cove Ardmore Gabon,1958-02-18,189,Bruce Walter
KPMG,197 Stag Trail Promenade Danville Sweden,1962-10-04,72,Dennis Austin
Gas Legion,1254 Everglade Extension Oak Harbor Pakistan,1978-07-23,455,Jackelyn Mcfadden
Destiny Planners,1252 Jean Boulevard Flower Mound Cuba,1979-07-02,198,Deeanna Hyde
United Services Automobile Association,726 Berkeley Freeway Sheboygan Ecuador,1976-02-05,102,Rosario Small
Sonic Solutions,1184 Franklin Spur Altus Moldova,1950-12-16,459,Roy Galloway
Eastman Chemical Company,6 Grafton Cove Sammamish Gambia,1969-05-19,405,Eleonora Hudson
The Walt Disney Company,874 Oneida Pike Myrtle Beach Guinea-Bissau,1967-02-10,260,Exie Christian
Full Color,1214 Cervantes Boulevard Danbury Ireland,1965-12-23,480,Dawne Griffith
Frontier Airlines,551 Catalina Stravenue Loma Linda Somalia,1947-07-01,210,Benton Sharp
Vizio,517 Harney Field El Reno Liechtenstein,1943-05-28,432,Slyvia Patrick
Gemini Sound Products,451 Hoff Nene Tempe St. Pierre & Miquelon,1950-05-23,394,Salvatore Holloway
New Balance,385 Catalina Glen Oakland Park Paraguay,1970-11-16,280,Andera Espinoza
Rockwell Automation,403 Albion Parade Christiansburg St. Vincent & Grenadines,1951-06-18,267,Tiny Kent
Vistikon,1364 Larkin Garden Pasadena Switzerland,1947-07-01,429,Nohemi Battle
Monmax,264 Martinez Heights Oxnard Martinique,1959-02-03,59,Elza Leach
Target Source,1321 Portola Esplanade Hempstead Andorra,1965-10-05,388,Refugia House
Walmart,546 Indiana Spur Costa Mesa Vanuatu,1974-12-07,108,Kimi Mcfarland
Discover Financial Services,1150 Seminole Gardens Tustin Venezuela,1954-03-30,310,Kareem Warner
Independent Wealth Management,50 Dorantes High Street Greenville Central African Republic,1949-02-20,210,Tomoko Munoz
Walt Disney Company,356 Palace Of Fine Arts Bay Yorba Linda Bahrain,1974-11-17,179,Carl Bishop
Laserfiche,282 Storey Stravenue Harrisburg Comoros,1957-12-15,125,Elane Santos
Better Business Ideas and Services,619 Western Shore Close Wilmette Namibia,1952-09-14,362,Gerry Valdez
Solution Realty,901 Caselli Place Santa Cruz Cayman Islands,1952-08-14,425,Tammara Sparks
Fidelity Investments,1286 Truby Place Grand Forks Palau,1966-10-29,256,Nicol Dalton
W.C. Bradley Co.,1331 Bright Manor Ruston Diego Garcia,1977-10-19,428,Jesus Fernandez
Berkshire Hathaway,224 Cambon Manor Hawthorne Nigeria,1956-09-14,312,Warner Guzman
Veramons,400 Roach Viaduct Anaheim Tristan da Cunha,1962-08-04,302,Scarlet Coffey
Gap,1167 Hillway Private Madisonville Ukraine,1942-11-20,462,Augustine Jordan
Ubu Productions,978 Hamerton Run McDonough Armenia,1959-11-23,165,Hoyt Lindsey
Megatronic,1375 Nautilus Crescent Champaign Zimbabwe,1975-03-21,461,Ilana Fitzgerald
Monk Home Improvements,1002 Baldwin Plaza Berea Bulgaria,1958-04-19,422,Jenell Thornton
Fisher Electronics,724 San Benito Route White Plains Colombia,1953-07-01,191,Pierre Giles
Afforda,482 Bonnie Brae Drive Deltona Argentina,1952-10-12,488,Susann Koch
Ace Hardware,687 Briarcliff Viaduct Topeka South Sudan,1980-10-13,415,Ariane Hewitt
Titania,414 Burnside Plaza La Vista Bosnia & Herzegovina,1947-11-27,398,Palmira Hayden
"DivX, Inc.",1221 Gay Viaduct Apache Junction Switzerland,1943-01-09,239,Faustino Bright
J. C. Penny,1144 Avery Bend Fountain El Salvador,1961-09-26,142,Teodoro Carlson
American Express,1028 Tacoma Avenue Yonkers Kuwait,1944-06-02,377,Olympia Hull
Marshall Pottery,910 Olmstead Field Daly City Switzerland,1971-11-15,210,Sylvie Foster
Interplay Entertainment,975 Donner Pike Cutler Bay Barbados,1941-10-09,154,Keren Hall
Quality Merchant Services,1044 Sparrow Mews Nixa Swaziland,1971-03-03,256,Yasmine Robles
Future Plan,187 Hoffman Road Avon Gambia,1961-08-06,395,Elijah Horne
"PalmOne, Inc.",189 Wilder Bend Cedar Park United Kingdom,1956-08-23,490,Jed Phelps
Realty Solution,403 State Mall Cooper City Falkland Islands,1955-10-24,58,Emerald Puckett
GHD Inc.,785 Sargent Sideline Grayslake Malta,1945-03-20,295,Linn Robbins
Gemini Sound Products,875 Fountain Expressway Ann Arbor Uzbekistan,1962-09-23,50,Rosann Rodriguez
Altec Lansing,1214 Stigwood Freeway Sulphur Dominican Republic,1965-08-10,213,Renetta Anthony
Multicerv,180 Krausgrill Road Marquette Papua New Guinea,1967-11-30,365,Shawnda Bond
Citigroup,1194 Jones Viaduct Burien Malawi,1964-09-17,496,Rory Mccarthy
Bradley Pharmaceuticals,667 Bay Park Stamford Armenia,1944-05-18,163,Lean Poole
Continental Airlines,1343 Fremont Close Durango Benin,1970-11-03,174,Arletha Sosa
The Flying Hippo,494 Hulbert Trace Lacey Bermuda,1951-10-30,167,Gavin Spence
Amy's Kitchen,1066 Huron Trace Seattle Samoa,1977-02-05,402,Merilyn Schultz
Progressive Corporation,1373 Santa Marina Bay Lorain Northern Mariana Islands,1963-03-11,108,Dorsey Price
Atari,991 Gay Viaduct Fishers Bahrain,1958-07-14,448,Janessa Moss
Bose Corporation,769 Utah Court Racine Jordan,1968-02-26,119,Jesse Valentine
Star Assistance,105 Omar Run Corcoran Croatia,1957-11-05,451,Jennell Gregory
Martin Marietta Materials,533 Emerald Concession road Bergenfield Iran,1972-07-10,89,Alonzo Buckley
Goodrich Corporation,269 Hussey Trail Melrose Park Monaco,1946-06-25,307,Herman Richards
The High Heelers,1126 Bernice Rodgers Ferry Klamath Falls New Zealand,1973-05-14,51,Ivana Floyd
Entergy,478 Tara Plaza Castle Rock Equatorial Guinea,1952-01-28,424,Christoper Puckett
Verizon,259 Brant Loop Juneau Equatorial Guinea,1961-07-23,113,Lisabeth Strong
Simply Appraisals,1265 Olympia High Street Sandy Springs India,1977-01-31,292,August Webb
Magik Grey,478 Dock Private Round Rock Croatia,1971-12-27,324,Pa Roberson
Tempur-Pedic,1086 Sproule Ferry Normal Bahrain,1946-05-31,302,Rima Faulkner
Las Vegas Yard Management,1330 West Broadway Avenue Hartford Russia,1978-02-11,420,Daina Weiss
Hawaiian Airlines,466 Grenard Parade Irvine Côte d’Ivoire,1957-04-26,70,Stephen Guthrie
Quantrix,1326 Jordan Turnpike Edina Denmark,1956-06-13,100,Franklyn Le
One-Up Realty,1188 Badger Wynd Ada Cameroon,1970-03-16,407,Bradly Riddle
Boston Scientific,346 Marsily Townline Rocky River Bangladesh,1953-05-05,356,Bruce Cox
Hot Topic,1083 Temple Wynd McHenry Uganda,1945-10-09,93,Wilber Terry
Friendly Interior Design,955 Revere Mews Wadsworth Malaysia,1949-11-06,373,Ignacia Romero
FedEx,1135 Fitzgerald Trail Moscow Solomon Islands,1978-10-25,355,Johnsie Price
Home Depot,439 Ward Gardens Dickinson British Indian Ocean Territory,1941-03-09,373,Wen Carver
VIZ Media,371 Belgrave Square San Benito Tunisia,1953-12-24,365,Alysha Trujillo
Earthworks Garden Kare,841 Casa Street Escondido Guernsey,1965-08-29,380,Myron Snow
Grade A Investment,930 Child Stravenue Biddeford New Zealand,1980-12-21,455,Jadwiga Martin
Omni Realty,621 Rhode Island Court Tinton Falls Ghana,1945-05-04,126,Milo Campos
Global Insight,985 School Turnpike Southfield Turkmenistan,1967-09-20,266,Galen Stuart
Amazon.com,1177 Monument Esplanade Wooster South Georgia & South Sandwich Islands,1977-04-24,433,Shani Prince
Liz Claiborne,1153 Alma Cove Burlingame Dominican Republic,1968-10-27,256,Daren Vinson
Matrix Architectural Service,967 Avalon Turnpike San Juan Capistrano Peru,1975-12-31,463,Shaniqua Hooper
Symantec,588 Rainey Drung Plymouth Liechtenstein,1949-12-15,405,Kristel Cruz
BNSF Railway,591 Seville Side road Jonesboro Niger,1979-04-13,353,Julio Riggs
Musco Lighting,466 Prentiss Parade Manassas Somalia,1962-12-31,359,Nathan Burris
CDI Corporation,932 Wright Square Watauga Egypt,1971-09-04,237,Fredrick Bass
Mikro Designs,846 Arago Drung Easley United States,1958-01-09,162,Karlyn Powell
Acuserv,581 Saint Germain Avenue Livermore Western Sahara,1942-12-27,182,Stacey Hodge
Mikrotechnic,519 Gibson Bypass Tallahassee Mauritania,1960-04-18,160,Harley Charles
Monk Real Estate Service,1075 Bannan Sideline Quincy Greenland,1947-04-08,462,Tien Holmes
"Springfield Armory, Inc.",24 George Circle Shelton Belize,1964-01-17,233,Dinorah James
Sonic Solutions,1142 Leland Side road Knoxville Libya,1971-12-25,451,Ramiro Caldwell
Adobe Systems Inc.,169 Richardson Bay Woburn Saudi Arabia,1972-02-19,383,Lakendra Barron
Universo Realtors,1323 Pine Concession road Conway Guernsey,1971-04-05,465,Joaquin Wilkinson
Alladin Realty,1026 Skyline Close Seminole China,1974-02-20,315,Consuela Slater
Opti-Tek,156 Ledyard Turnpike Garner New Caledonia,1980-06-26,349,Ward Bradshaw
Caterpillar Inc.,1313 Miguel Viaduct Angleton Gibraltar,1959-10-17,493,Shoshana Kline
New World Realty,40 Northpoint Hill Ferguson Japan,1974-10-18,499,Jarred Nielsen
Quality Merchant Services,1191 Woodland Promenade Lindenhurst Liechtenstein,1975-02-02,377,Edward Garner
O'Reilly,271 Carl Mews Edmond Iceland,1978-01-06,188,Priscila Mendoza
Rite Aid Corporation,336 Johnstone Line East Ridge Faroe Islands,1957-12-28,153,Denese Mclean
Dominion Resources,1021 Martinez Avenue Harvey Caribbean Netherlands,1943-05-25,495,Dorathy Jackson
OpenMarket Inc.,1227 Harriet Green Searcy Panama,1956-03-08,131,Elton Hopkins
Solution Answers,703 Rudden Garden Ridgeland Turkey,1974-08-10,493,Guy Mosley
Columbia Sussex,533 El Polin Parkway Olympia Pakistan,1963-07-22,370,Nyla Avila
Opti-Tek,1255 Ver Mehr Grove Mountlake Terrace Trinidad & Tobago,1967-04-09,464,Shane Mcclure
The Network Chef,405 Jefferson Bay Wyandotte Vatican City,1950-09-24,381,Julienne Salas
Omni Realty,664 Larkin Highway Anniston Bulgaria,1953-11-01,187,Maria Workman
Lennox International,1387 Blatchford Walk Titusville Kyrgyzstan,1974-02-23,395,Dimple Ryan
Honest Air Group,819 Post Circle Elizabeth City Marshall Islands,1964-08-07,129,Chantell Hebert
Strategy Consulting,700 Hare Field Auburn Hills Burkina Faso,1979-07-06,344,Sarai Henderson
DaVita,506 Hemway Grove Bothell Lithuania,1972-04-12,135,Raina Dixon
Omni Architectural Designs,257 Abbey Expressway Dunedin U.S. Virgin Islands,1967-05-28,321,Tennie Keller
American Express,791 Talbert Drive Allen Park Morocco,1957-01-24,395,Hipolito Nguyen
Netcore,621 Manchester Esplanade Burlington Finland,1948-09-30,180,Evan Smith
Belle Ladi,773 West Halleck Annex Moscow Canada,1955-11-03,476,Jodee Schultz
Ashland Inc.,448 Meade Circle Mill Creek Costa Rica,1946-06-22,355,German Franco
Office Depot,547 Westbrook Pike Sarasota Central African Republic,1974-11-28,261,Shayne Winters
World Airways,290 Quarry Plaza Hinesville Greece,1968-01-04,166,Chere Olsen
Sony Pictures Entertainment,202 Santa Fe Field Asbury Park Laos,1957-05-21,200,Marcelino Goodwin
Bemis Manufacturing Company,1347 Fremont Esplanade Edwardsville China,1959-09-09,104,Katharina Norris
Grade A Investment,552 Farallones Plantation Indio Myanmar,1940-06-09,221,Garnett Zamora
Techo Solutions,639 Entrada Route West Memphis Liberia,1971-01-15,241,Shavon Forbes
BorgWarner,225 La Grande Circle Edmonds Marshall Islands,1976-01-24,219,Raylene Mueller
Prospa-Pal,1037 Napier Highway Amsterdam Tajikistan,1968-12-04,66,Jerome Wilder
Midwest Communications,378 E Bay North Charleston Latvia,1957-06-07,413,Eldridge Mills
Seagate Technology,123 Yerba Buena Ferry Arvada Aruba,1954-04-09,140,Edda Tillman
Tesla Motors,603 Hemlock Gate North Little Rock Iran,1960-11-25,444,Pablo Burns
"PalmOne, Inc.",1005 Armistead Row Bradenton Nicaragua,1974-10-23,271,Arnulfo Massey
Plan Smart,819 Westmoorland Route Fontana Czech Republic,1974-07-03,484,Cary Pitts
Vocera Communications,1089 Crissy Field Gate West Memphis Falkland Islands,1958-10-06,173,Cyrus Carney
"Dell, Inc.",1260 Sansome Plantation Zion Singapore,1940-03-06,171,Lashaunda Patton
Marathon Oil,907 Pink Drung Rowlett Bhutan,1951-12-02,381,Wilburn Taylor
Fox Film Corporation,1255 Worcester Row Andover Comoros,1945-07-20,130,Keven Stevens
Rainbow Life,360 Judah Plantation Mesquite Guinea-Bissau,1966-09-15,163,Salvatore Mitchell
ExxonMobil,448 Pope Grove Banning United States,1966-04-09,404,Vincenza Bird
Nortax,846 Spring Valley Bend Oak Creek Samoa,1947-01-26,416,Judson Emerson
C.H. Robinson Worldwide,799 First Hill Ithaca Sweden,1966-04-07,442,Isis York
Solution Realty,614 Richter Route Layton Spain,1954-07-02,52,Louvenia Mullen
The Flying Bear,43 Cherry Walk Kansas City Benin,1980-01-09,214,Rozella Bailey
Alert Alarm Company,435 Ezekiel Nene Mineola Macau SAR China,1956-05-27,495,Hyo Meadows
Manu Connection,419 Easement Plaza Cape Coral Morocco,1977-02-25,255,Alane Franks
Aramark,1302 Mallorca Point Jefferson City United Kingdom,1949-03-19,425,Andrew O'neill
Total Yard Management,127 Grace Field Sidney Libya,1973-08-04,104,Lucilla Rocha
First Rate Choice,331 Ward Brae Highland Park El Salvador,1949-11-04,256,Luke Bruce
Lennox International,597 Lundeen Run Hickory Romania,1948-08-21,393,Eugenie Holcomb
International Paper,357 Candlestick Point Sra Trail Schaumburg Martinique,1953-01-03,179,Ronni West
Miller Brewing,592 Francis Crescent Avondale Micronesia,1979-12-22,351,Cole Fischer
Steinway & Sons,398 Main Grove Pascagoula Kyrgyzstan,1949-11-21,124,Brant Velez
ManCharm,1235 Brewster Close Pacifica Tonga,1942-11-15,173,Harland Shepherd
Wheeling-Pittsburgh Steel,760 Diamond Heights Alley Oklahoma City Bhutan,1971-03-30,355,Lyle Houston
LeapFrog Enterprises,980 Kalmanovitz Court Pueblo Greece,1980-03-07,110,Tenesha Lawrence
AnaSpec,1036 Sabin Brae Edina Ukraine,1960-12-20,114,Taylor Carney
CKE Restaurants,209 Clarke Terrace Westfield Bhutan,1971-02-12,114,Mitsuko Leon
Pro Star,687 Turk Murphy Cove Lumberton Malawi,1966-08-30,405,Ayako Morrow
Jimmy John's,1032 Windsor Mews Summerville Aruba,1955-07-02,92,Shani Bass
Gillette (brand),1187 Argonaut Gate Eustis Macau SAR China,1977-05-28,217,Lenard Mclaughlin
Multi Tech Development,1092 Cabrillo Crescent Minnetonka Trinidad & Tobago,1976-02-23,277,Alix Mcpherson
AND1,1053 Livingston Crescent Jefferson City Barbados,1974-08-09,347,Bernard Middleton
JetBlue Airways,566 Wildwood Nene Eagle Mauritania,1969-02-14,436,Elly Jordan
Fabrik Inc.,985 Sterling Cove Ennis Italy,1978-02-03,320,Beaulah Contreras
Nabisco,508 Bancroft Point Bonney Lake Uruguay,1943-09-04,434,Jamey Carlson
Multicerv,850 Folsom Esplanade Carlisle Maldives,1970-04-09,263,Davis Ortiz
Chargepal,300 Hoff Bend Forest Park Gibraltar,1963-08-05,105,Francene Munoz
Integra Design,382 Commonwealth Hill Houston Christmas Island,1951-10-12,323,Percy White
Fox Film Corporation,678 Lois Drung Dover Cambodia,1965-07-16,485,Chery Henderson
Monk Home Funding Services,1125 Jack Micheline Wynd Belle Glade Aruba,1980-09-06,499,Lupe Pate
Terra,707 Santos Ferry Vista Benin,1961-06-17,121,Otto Nicholson
American Apparel,244 Kobbe Square El Reno Serbia,1951-01-03,463,Lavona Holcomb
Warner Bros. Entertainment,739 Soule Viaduct Greeley Thailand,1966-04-08,251,Deloise Solis
House of Gas,1278 Sandpiper Cove Arcade Rockville Centre Latvia,1954-05-19,264,Jc Jimenez
Walt Disney Company,372 Armory Park Hayward El Salvador,1979-03-07,439,Truman Holt
Target Realty,238 Wayland Grove Redwood City Nicaragua,1965-03-12,335,Ginette Powell
Best Biz Survis,28 Porter Turnpike Decatur Mauritania,1941-01-23,133,Berneice Taylor
"CA, Inc.",678 Annie Hill Iowa City French Polynesia,1954-07-01,127,Scottie Reynolds
Ernod,10 Alpha Nene Vallejo Bulgaria,1961-05-15,69,Carley Kirby
Envirotecture Design,359 Double Rock Mall Universal City Palestinian Territories,1954-11-26,280,Jerold Harris
Royal Gas,1192 Cragmont Turnpike Houston Wallis & Futuna,1980-01-03,388,Karl Barnes
Autoliv,528 North Hughes Path Manchester Guernsey,1970-11-29,115,Leonel Pena
Domtar,920 Sharon Field Dana Point Palau,1943-10-05,221,Elmer Coleman
BNSF Railway,940 Dirk Dirksen Side road Wentzville U.S. Virgin Islands,1969-09-19,122,Elizbeth Caldwell
Ideal Garden Maintenance,553 Nantucket Pike Brownsville Bangladesh,1972-07-14,347,Lindsy Meyer
B/E Aerospace,182 Justin Point Thomasville Myanmar,1972-09-17,147,Damon Norman
Syntel,443 San Aleso Esplanade Paterson South Africa,1954-03-21,468,Domenic Barton
Nike,204 Incinerator Road Huntley Liechtenstein,1957-02-20,150,Logan Moreno
Vaughan & Bushnell Manufacturing,874 Wool Green Lewiston Northern Mariana Islands,1974-11-10,276,Angelo Vang
Transocean,537 Concourse Terrace Porterville Afghanistan,1972-11-08,126,Aleen Whitney
American Greetings,272 Capen Glen Grants Pass Timor-Leste,1958-05-12,252,Ian Hudson
International Business Machines (IBM),978 Oreilly Crescent Santa Clarita Iceland,1973-09-14,233,Dallas Griffith
Capitalcorp,800 Mary Bay West Haven Algeria,1966-12-26,234,Lewis Sparks
Strategy Planner,174 Madrid Brae Bethlehem Monaco,1963-08-14,125,Gus Harrison
Kenworth,135 Stark Park Athens Haiti,1980-02-22,248,Dannie Sexton
Monk House Sales,178 Rae Sideline Mooresville Guam,1942-05-28,434,Angel Suarez
Assurant,722 Dewitt Path Jupiter St. Barthélemy,1971-11-09,75,Wava Petty
Planetbiz,1031 Shephard Drung Millbrook Marshall Islands,1968-09-24,325,Walter Townsend
Alienware,929 Rockdale Crescent Winchester Uzbekistan,1976-07-04,425,Frank Davis
The White Rabbit,624 Sunrise Point New Brunswick Réunion,1976-10-03,417,Armando Spears
ADC Telecommunications,959 Dawson Arcade Point Pleasant Sint Maarten,1974-12-08,237,Matthew Mendoza
Columbia Pictures,782 Lincoln Gardens Covington Bahamas,1956-11-08,163,Ellena Dotson
Open Interface,1332 Safira Cove Orinda Pitcairn Islands,1945-11-09,264,Winston Reilly
Pointers,564 Long Bridge Wynd Atlantic City Croatia,1967-03-17,407,Elvis Frost
"Sun Microsystems, Inc.",640 Market Parade Webster Groves Tristan da Cunha,1947-08-19,105,Clarita Nicholson
Vizio,1168 Gillette Trail New York Belize,1973-07-26,132,Chau Vaughan
MagnaSolution,343 Fallon Extension Oak Forest Mauritania,1977-05-31,285,Lenard Everett
Trinity Industries Inc.,554 De Soto Green Whitehall Trinidad & Tobago,1944-11-27,355,Jeremy English
Payless ShoeSource,53 Avenue N Extension Somerville Burundi,1941-03-18,400,Teddy Ayala
Eastman Kodak,341 Delmar Concession road Smyrna South Africa,1974-03-18,427,Barbar Herman
The Library Corporation (TLC),398 Mclea Turnpike Bellflower Pitcairn Islands,1961-05-29,261,Drew Preston
Spherion,1231 C Bay Pekin U.S. Virgin Islands,1976-07-17,225,Abel Atkinson
Darden Restaurants,216 Cameron Road Santa Rosa Maldives,1953-12-07,427,Elayne Sandoval
Multi Tech Development,1252 Hale Stravenue SeaTac Madagascar,1978-11-04,302,Akiko Olsen
Cut Rite Lawn Care,326 Hotaling Pike Sulphur Diego Garcia,1953-01-25,268,Damon Mcguire
Mission Realty,39 Irving Annex Piqua Italy,1975-09-25,71,Kelsi Figueroa
World Financial Group,30 Olympic Country Club Circle Hollister Dominica,1968-02-12,283,Rayford Foreman
Aramark,585 Mansell Esplanade Lynn Algeria,1963-07-12,241,Eryn Hutchinson
Jones Soda Co.,998 Hidalgo Spur Rochester Hills Botswana,1961-10-01,392,Pamella Graham
West Liberty Foods,830 Fredela Nene Bergenfield Japan,1964-08-20,249,Paz Patton
Federal National Mortgage Association,1082 Quebec Square Taylor Mayotte,1949-04-15,349,Lisbeth Guerrero
DST Systems,252 Clay Manor Ottumwa Liberia,1977-03-13,165,Bethanie Martin
Price Waterhouse Coopers,405 Marietta Mall Prattville Andorra,1943-12-24,390,Trey Holden
Wise Solutions,1287 Anglo Cove Largo St. Vincent & Grenadines,1948-08-20,104,Kemberly Peterson
The White Rabbit,886 Edna Terrace Union City Iceland,1958-07-03,299,Michaele Hull
Eli Lilly and Company,977 Mistral Crescent Gardner Vatican City,1950-11-24,303,Geoffrey Wallace
Xerox,763 Newman Bend Greeley Jersey,1974-05-15,259,Magen Blackburn
Integra Investment Service,624 Noe Street South San Francisco Guinea,1943-08-25,119,Renato Clay
Baldor Electric Company,814 Gorham Grove Lorain Japan,1947-07-22,230,Lindsy Osborne
Life Map,1025 Fountain Road Albertville China,1958-11-03,490,Cornell Harrison
Monsanto Company,1272 Seal Cove Bypass Tamarac Benin,1980-08-01,483,Arlen White
Plan Future,304 Avenue Of The Palms Lane Chesterfield Morocco,1979-11-30,401,Jarrett Fuller
BearingPoint,1349 Young Glen Gallup French Guiana,1959-07-27,89,Indira Dudley
Applebee's,360 Whiting Path Boulder Bermuda,1955-04-12,222,Demetrius Barnett
Calista Corporation,669 Girard Avenue Dumont Portugal,1970-04-20,88,Lionel Keller
Monk House Sales,14 Anglo Bay Rock Hill Burkina Faso,1946-06-27,147,Florrie Banks
ACCO Brands,147 Davenport Heights North Miami Beach Vatican City,1965-03-21,110,Argelia Barr
American International Group,599 Bartol Extension McKeesport Ascension Island,1941-06-03,121,Lilli Guthrie
THQ,1229 Isis Brae Summit Oman,1970-04-15,65,Alfonso Zamora
Dole Foods,554 Kaplan Field Murrieta Uganda,1955-02-26,407,Annika Sweet
Armstrong World Industries,476 Lagunitas Promenade Seattle Norfolk Island,1943-11-15,207,Shanelle Harper
Complete Tech,895 Avoca Garden Glen Ellyn Iceland,1940-01-16,362,Melania Griffin
Continental Airlines,999 Rome Side road Memphis Luxembourg,1974-06-24,383,Marcus Newton
Koch Industries,667 Craut Extension Coral Gables Niger,1976-10-04,142,Lurline Benson
Yahoo!,1067 Cumberland Highway Mint Hill Chile,1948-09-28,145,Crista Cobb
ExxonMobil,275 Gladiolus Garden Haltom City Tunisia,1958-04-21,462,Natosha Mcdowell
Express Scripts Incorporated,1087 Sierra Parkway Elgin Pakistan,1977-07-29,236,Stewart Baker
Take-Two Interactive,10 Brussels Esplanade Grandview Madagascar,1963-06-28,63,Albert Walker
Fellowship Investments,372 Avila Grove Lynbrook Qatar,1955-07-15,373,Johana Mendez
Assurant,749 Bellevue Crescent Wheat Ridge Christmas Island,1962-08-24,500,Jeanice Albert
Benesome,317 Mcdowell Bypass North Chicago Turkey,1941-09-23,144,Georgianne Gallegos
GTECH,114 Russia Hill Keizer Kyrgyzstan,1972-12-07,381,Gregg Herrera
Newhair,1335 Ewer Nene Hempstead Italy,1976-10-08,232,Buster Spencer
Polaris Industries,220 Clementina Street Clearfield Anguilla,1956-09-20,489,Jackie Sosa
Magik Lamp,1079 Abbey Street West Springfield Guyana,1979-05-10,359,Nickole Mckee
Whataburger,1063 Midway Esplanade Brownwood Greenland,1967-12-27,445,Darnell Bowman
The Polka Dot Bear Tavern,971 Elim Stravenue Manassas Thailand,1940-03-23,84,Fallon Walter
Castle Realty,223 Megan Bypass San Gabriel Mali,1968-10-20,293,Willy Finley
Reliable Investments,292 Chesley Walk Granite City Ireland,1961-05-07,254,Dusty Bean
Hilton Hotels Corporation,1008 Starr King Drive Algonquin Faroe Islands,1948-07-06,180,Ulysses Cobb
Big Lots,448 Elliot Hill Rancho Palos Verdes South Korea,1948-10-18,266,Genie Diaz
Intuit,936 Roemer Glen Winter Park Guinea,1975-09-08,77,Demetrice Kennedy
American Family Insurance,1323 Marine Cove Plant City Monaco,1951-02-05,148,Andrea Davenport
Romp,399 Torney Pike Toledo Equatorial Guinea,1954-11-02,293,Lorina Hayden
Afforda Merchant Services,912 Madrone Annex Scranton Tonga,1967-04-15,496,Jule Glass
Sur La Table,1255 Turk Townline Hazelwood Cyprus,1956-01-20,122,Modesto Norris
Uwajimaya,662 De Haro Parkway La Crosse Caribbean Netherlands,1945-11-13,196,Viki Holcomb
Coventry Health Care,765 Getz Pike Kirkland Kiribati,1970-06-04,162,Ruthanne Hahn
Walmart,1102 Whiting Lane Walla Walla Qatar,1947-12-23,330,Haywood Aguirre
Gentiva Health Services,819 John Thruway Oregon Equatorial Guinea,1966-02-10,292,Jamaal Russo
Electronics Source,778 General Kennedy Road Arnold Martinique,1967-02-05,170,Amberly Roman
Dow Chemical Company,285 Hegal Bypass Naugatuck Iraq,1963-09-17,240,Vertie Koch
Capital One,90 Ortega Line Barnstable Town Faroe Islands,1962-09-24,454,Glady Barnes
Group O,118 Hegal Hill Windsor Italy,1961-01-15,430,Cameron Barlow
System Star,177 Costa Mall Seattle Botswana,1965-10-04,213,Keiko Sexton
NBC Universal,767 Gabilan Crescent Collinsville Ceuta & Melilla,1955-04-16,176,Kendall Elliott
Wendy's/Arby's Group,252 Annie Place Wake Forest Tunisia,1957-09-07,406,Cassy Mccoy
Casco Bay Lines,282 Fratessa Terrace Clearwater Syria,1977-03-19,219,Emile Cole
Amazon.com,614 Delaware Trail Douglas Réunion,1952-08-09,353,Rolando Parks
Bath & Body Works,266 Cosgrove Cove Tulare Slovenia,1940-08-17,80,Trinidad Langley
The Lawn Guru,955 De Haro Arcade Athens Ecuador,1951-08-03,356,Charlie Daniels
Maxi-Tech,993 Winn Garden Costa Mesa Germany,1944-01-17,65,Sylvester Mathis
Total Quality,516 Coronado Alley Corvallis Kenya,1960-01-12,232,Nancey Griffith
Ideal Garden Maintenance,841 Canyon Parade South El Monte Lebanon,1945-05-09,250,Dallas Watkins
"Cisco Systems, Inc.",2 Scott Concession road Hays Nicaragua,1965-03-23,438,Scottie Noble
Belkin,549 Pinar Extension Macon Venezuela,1978-11-13,211,Arthur Hays
The White Rabbit,972 Chain Of Lakes Glen Methuen Benin,1947-07-18,279,Antwan Compton
AnaSpec,322 Helen Path Fairview Heights Montenegro,1943-02-24,76,Ricardo Haynes
Discover Financial Services,524 Heather Bay Park Forest Antigua & Barbuda,1959-11-29,424,Serita Moore
Vermeer Industries,414 Cyril Magnin Square Muscatine Portugal,1962-11-26,198,Fredia Hinton
Merrymaking,100 Starview Turnpike Baldwin Park Tristan da Cunha,1949-04-16,308,Trudie Caldwell
Orion,1014 Pierpoint Spur Fair Lawn Dominica,1968-10-02,472,Denny Callahan
Ground Round,1336 Hallam Extension Littleton Ascension Island,1978-09-18,206,August Sears
Hardee's,280 Locksley Sideline Evanston Lesotho,1976-11-22,417,Miguel Mcbride
Burger King Holdings,1393 Cardenas Square Corona Central African Republic,1961-03-17,207,Lianne Gomez
Full Color,222 Forest Knolls Field New Hope Azerbaijan,1945-11-01,138,Alleen White
Jack in the Box,1396 Littlefield Hill Fairborn Papua New Guinea,1965-06-06,398,Ernesto Clements
Nortax,778 Ccsf Parking Lot Turnpike Cedar Rapids Kiribati,1960-04-12,493,Elvis Meyers
Veramons,978 Concourse Point Pensacola Micronesia,1959-10-09,138,Kurtis Delgado
Maxiserve,620 Diaz Road Spokane Valley Morocco,1972-02-07,254,Lamonica O'connor
AutoZone,270 Hernandez Bay Gallup Switzerland,1977-04-11,184,Richie Morrow
Shure Incorporated,55 Darrell Freeway Compton Myanmar,1980-12-14,181,Ezequiel Lang
Lexmark,105 Aloha Wynd Mount Pleasant St. Martin,1961-06-07,267,Robert Mooney
Arbitron,209 Rutland Park Darien Malta,1971-10-20,113,Guadalupe Moses
Taco Tico,342 Santa Cruz Lane Watertown Fiji,1966-09-11,235,Lianne Vang
Georgia Pacific,590 Alviso Extension Lancaster Jamaica,1952-01-16,169,Sacha Cotton
Quanta Services,1125 Lake Forest Point Apopka Kuwait,1971-05-08,187,Bradly Stokes
Red Hat,109 Truby Highway West Des Moines Ghana,1980-05-07,469,Melda Contreras
First Choice Garden Maintenance,986 Wildwood Terrace Greenville Libya,1958-03-17,302,Del Witt
Borders Group,363 Plymouth Drung Midlothian Swaziland,1969-01-29,223,Giovanni Sampson
Bold Ideas,841 Battery Townline Springfield Georgia,1972-10-25,428,Joan Henson
GHD Inc.,902 Alta Vista Cove Lakewood Colombia,1954-02-22,412,Chaya Black
Kmart,578 Dearborn Spur Goodyear India,1977-12-11,267,Roscoe Gardner
"Dell, Inc.",1136 Simonds Hill Cuyahoga Falls Niue,1971-05-11,494,Joi French
ABM Industries,849 Encanto Highway Redmond Botswana,1955-05-01,212,Refugio Thompson
O'Reilly,226 Homestead Park Mount Prospect Hong Kong SAR China,1956-08-08,414,Lamont Hoffman
Friendly Advice,46 Jones Walk Petersburg Guinea,1955-04-23,232,Dwayne Compton
Rockwell Collins,58 Music Concourse Place Muscatine American Samoa,1962-10-17,377,Romaine Gonzalez
Lumencraft,930 Bannock Circle Tifton Tristan da Cunha,1941-03-06,403,Audrie Dunlap
Under Armour,497 Rossmoor Heights Ocean Springs Caribbean Netherlands,1956-05-15,483,Phebe Hayes
Apollo Group,1055 Codman Gardens Taunton Tokelau,1945-03-20,105,Tracee Cameron
Albertsons LLC,1370 Niagara Bypass Fairmont Andorra,1963-07-30,473,Reagan Dennis
Bosch Brewing Company,335 Atalaya Turnpike Claremont Saudi Arabia,1966-05-18,420,Carlie Elliott
Ball Corp.,1065 Capen Private Monrovia Cuba,1968-02-24,137,Emanuel Durham
DineEquity,99 West Broadway Plantation St. Peters St. Barthélemy,1957-03-18,430,Khadijah Horne
Copeland's,711 Taylor Mews Tifton Palau,1950-01-30,158,Brain Miranda
Balanced Fortune,394 Ingleside High Street Painesville Malta,1980-07-03,385,Lucrecia Drake
The Polka Dot Bear Tavern,1097 Walbridge Route Dubuque Oman,1961-11-12,75,Mika Poole
Asian Fusion,21 Southern Heights Promenade Forest Lake Kazakhstan,1940-03-13,60,Dong Coffey
Bank of New York Mellon,360 Jack Balestreri Alley Xenia Samoa,1948-05-29,53,Eulah Conley
Mutual of Omaha,719 Hastings Garden Buckeye Guatemala,1980-09-16,437,Kym Torres
Gatorade,576 Mclaren Road Ardmore Eritrea,1978-01-30,490,Kenia Kim
Crazy Tiger,489 Madison Avenue Pleasantville Cameroon,1960-10-29,346,Billy Trujillo
Alcoa,975 Lakewood Circle Bolingbrook Bermuda,1956-11-17,404,Wally Morton
Wheeling-Pittsburgh Steel,62 Sickles Close Wyoming Cameroon,1965-07-01,203,Herb Velazquez
VF Corporation,907 Cuba Crescent Maryland Heights Micronesia,1955-04-24,153,Jacquiline Armstrong
Merrymaking,762 Thornton Gardens Vernon Hills Bolivia,1941-01-22,205,Drusilla Larsen
Magik Lamp,1107 Dr Tom Waddell Viaduct Kernersville Antarctica,1948-02-12,239,Marcel Holman
Boeing,1051 Stanford Close Brownwood Bangladesh,1968-02-22,176,Garry Woodward
JL Audio,1003 Mint Trace Edinburg Burundi,1979-06-20,79,Martin Callahan
Maxiserve,422 Saint Germain Alley Ashland Poland,1957-07-09,151,Kerry Koch
Safeway Inc.,797 Blackstone Highway Elk Grove Village Kyrgyzstan,1971-05-07,304,Arletta Marks
Take-Two Interactive,971 Whipple Close San Benito Northern Mariana Islands,1954-02-02,90,Chara Norton
Miro Technologies,27 Martin Luther King Jr Route Bellingham Somalia,1975-01-31,497,Bennie Mcdowell
Local Matters,1354 Atoll Crescent Belmont Monaco,1969-08-13,413,Alica Stafford
Team Uno,809 Bepler Row Eagan Malawi,1961-01-20,153,Harland Frank
Peterbilt,37 Hearst Drung Newport Beach Angola,1979-04-09,155,Lashay Burks
Imation,132 Admiral Viaduct Columbia Nepal,1976-03-17,77,Thu Chase
JN-International Medical Corporation,1087 Andrew Square West Des Moines Mali,1955-09-11,325,Rayford Sweeney
Nike,251 Priest Garden San Dimas Italy,1962-06-25,316,Doug Sosa
Energy East,1301 Nellie Court Converse Libya,1959-06-05,99,Irish Whitney
Barnes & Noble,159 Villa Townline Rio Rancho Puerto Rico,1954-08-07,115,Lenard Moran
Sunoco,1006 Bellevue High Street Herndon Solomon Islands,1975-09-14,267,Lionel Dunn
Matrix Architectural Service,1029 Marist Concession road Clarksburg Samoa,1980-06-15,346,Tamala Bradford
Quality Merchant Services,1124 Harriet Promenade Albuquerque Åland Islands,1966-03-13,295,Del Sherman
Ideal Garden Management,353 Harrison Freeway Redding France,1978-12-13,238,Arlinda Peck
CKE Restaurants,430 Mississippi Freeway West Springfield Belarus,1950-02-02,50,Irina Perry
Arkeia Software,567 Powell Bay Park Forest Afghanistan,1975-04-26,335,Cristopher Langley
The Pink Pig Tavern,1011 Franklin Side road North Olmsted South Georgia & South Sandwich Islands,1948-02-02,159,Lamar Bridges
Walmart,308 Monument Turnpike Montrose Burkina Faso,1959-11-20,266,Alec White
Iron Mountain,307 Balboa Heights Haines City Congo - Kinshasa,1963-07-22,377,Octavio Bush
Monk Home Loans,87 Forest Knolls Mall Oak Creek Barbados,1968-01-04,200,Joella Mckay
ExxonMobil,440 Worden Boulevard Howard Ireland,1949-07-15,221,Johnny Manning
The White Swan,590 Colusa Wynd Hollister Sint Maarten,1980-06-21,229,Reiko Vasquez
Chem-Dry,664 Colon Circle Roselle Gabon,1965-12-09,334,Jerrell Cantu
Firestone Tire and Rubber Company,709 Battery Dynamite Lane Goldsboro Guinea-Bissau,1957-03-01,378,Rhett Foley
Webcom Business Services,458 Golding Parkway Norwalk Faroe Islands,1944-08-09,299,Guillermo Hunt
Amy's Kitchen,709 Colton Street Temple City Svalbard & Jan Mayen,1947-01-29,242,Bernard Roy
Star Merchant Services,867 Edgar Trail South El Monte Barbados,1968-11-15,197,Jermaine Callahan
facebook,298 Willie B Kennedy Run Gladstone Tonga,1962-11-19,262,Napoleon Walton
DST Systems,868 Hiliritas Private East Peoria Sweden,1940-10-19,447,Arden Whitley
Ideal Garden Maintenance,878 Cortland Avenue Amarillo Monaco,1954-04-15,405,Cathern Bates
Idea Infinity,1315 Downey Promenade Kannapolis Martinique,1940-10-12,216,Juan Buckner
Landskip Yard Care,365 Church Access Crescent Winona Guinea-Bissau,1948-10-01,397,Marg Knowles
Spanx,175 Hugo Parkway Merced France,1975-10-14,370,Loyce Mann
Nvidia,58 Tehama Side road Watertown Cambodia,1946-03-02,323,Twanda Webster
Grey Fade,669 Miguel Row Prescott Valley Tonga,1960-08-18,405,Valentin Clay
Atmos Energy,692 Martha Nene Irving Yemen,1977-01-18,336,Vannesa Bryan
Vari-Tec,981 Beach Avenue West Memphis Iran,1955-02-19,191,Houston Mason
EMC Corporation,186 South Park Viaduct Lake Havasu City Lesotho,1952-06-20,255,Robbi Mason
Total Sources,881 Encinal Glen Dixon Albania,1955-05-10,70,Merrie Sargent
JL Audio,989 Sampson Pike West Sacramento Malta,1947-08-11,354,Dallas Kelly
Halliburton,55 Edgewood Manor Mesa Gambia,1956-12-31,116,Tyree Livingston
The Pink Pig Tavern,425 Sola Glen Raleigh São Tomé & Príncipe,1966-08-21,445,Luke Pace
Quest Software,1236 Cortland Trail Fort Dodge Iran,1965-02-21,301,Harry Brooks
MegaSolutions,86 Crescio Path West Hollywood Nepal,1966-02-09,336,Foster Austin
Helping Hand,1249 Hollywood Alley Valparaiso Central African Republic,1956-02-23,154,Giuseppe Little
Pacific Gas & Electric Company (PG&E),107 Juan Bautista Hill Melrose Bulgaria,1964-02-11,362,Tu Valentine
Red Fox Tavern,393 Sonoma Drung Huntersville Indonesia,1980-09-08,383,Shaun Dickerson
General Dynamics,390 Sunnydale Heights San Dimas Saudi Arabia,1978-12-30,491,Houston Mcmillan
Berry Plastics,587 Nordhoff Bypass Danville New Caledonia,1966-07-16,223,Tinisha Franco
Verbatim Corporation,382 Marston Cove Santa Fe Springs São Tomé & Príncipe,1956-10-07,425,Brian Fowler
Vistikon,1307 Ellsworth Thruway Beaverton Isle of Man,1963-04-18,170,Ruthanne Burnett
Vitagee,798 Maryland Townline Santa Fe Springs Costa Rica,1968-05-16,488,Sheba Herman
Office Depot,939 South Park Sideline Annapolis Switzerland,1941-07-25,307,Israel Nelson
Allen Organ Company,514 Sanches Pike Alamo Mongolia,1972-12-24,380,Sterling Sampson
BearingPoint,1359 Edward Square Crown Point Rwanda,1951-12-22,82,Jaime Faulkner
W. R. Berkley,672 Sutro Heights Arcade Steubenville Israel,1947-09-11,326,Kelvin Gaines
Boeing,118 Conrad Private Iowa City Madagascar,1969-11-29,252,Gilbert Bridges
Comcast,1211 Soule Point Odessa Australia,1957-06-29,269,Marlen Larsen
Asiatic Solutions,906 Naples Mews McKeesport Australia,1948-11-30,463,Nubia Clarke
Balanced Fortune,157 Brannan Heights Hattiesburg Guinea-Bissau,1969-04-11,328,Pok Foster
DiC Entertainment,533 Fresnel Parkway Carteret Northern Mariana Islands,1960-01-01,103,Dennis Pugh
"Olan Mills, Inc.",653 Pollard Pike Vincennes Latvia,1975-02-14,161,Clarence Schwartz
Air Products & Chemicals,1180 Gennessee Cove Pensacola Tuvalu,1941-05-22,80,Anjelica Patel
Matrix Architectural Service,1389 Naylor Extension San Juan St. Pierre & Miquelon,1947-11-11,398,Rebecka Kerr
Interplay Entertainment,538 Battery East Gardens Bourbonnais American Samoa,1946-03-31,114,Jacquelynn Castillo
Aspyr Media,631 Spreckels Lake Plantation Methuen Bangladesh,1962-06-14,244,Norbert Daniels
Mission Realty,4 Rockdale Spur Del City Norway,1962-08-05,206,Porsha Hoover
Agilent Technologies,1209 Langton Green New Britain Hungary,1947-01-15,458,Eddy Chandler
Vaughan & Bushnell Manufacturing,246 Paraiso Bay St. Charles Japan,1980-09-07,358,Felipe Pickett
Salary.com,198 John Maher Parkway Elgin Czech Republic,1979-04-25,254,Myles Benton
Morgan Stanley,1251 Hegal Glen Medina Croatia,1954-02-24,376,Herman Morton
Sexy Babe,256 Hiliritas Promenade Michigan City Micronesia,1965-04-25,166,Breana Cortez
J. P. Morgan Chase and Co.,8 Arballo Bypass Ellensburg Timor-Leste,1977-02-24,179,Layla Hickman
Total Serve,1262 Brotherhood Road Steubenville Luxembourg,1949-03-02,465,Eura Guy
Walt Disney Company,316 Montana Thruway Hilliard Georgia,1956-06-11,262,Raymond Norman
Cartoon Network Studios,870 Bernice Rodgers Expressway Ottumwa Svalbard & Jan Mayen,1971-01-27,127,Marcos Leonard
Biggby Coffee,270 Lydia Manor Chicopee Uruguay,1940-07-15,131,Jimmie Buck
Kingston Technology,658 Waterloo Viaduct Reynoldsburg Montenegro,1960-07-09,393,Sharice Duran
Texas Instruments,250 Osage Field Alameda Honduras,1967-06-04,272,Minh Gould
Bank of New York Mellon,841 Danton Alley Keene Central African Republic,1980-11-01,133,Carolyne Macdonald
Future Bright,485 Clementina Drive Cypress St. Kitts & Nevis,1940-01-27,222,Wen Ayers
EMC Corporation,1242 Temple Esplanade Round Lake Gambia,1961-09-23,456,Elfrieda Jenkins
Digi-Key,380 Gould Road South Elgin St. Helena,1945-05-13,240,Lieselotte Norman
Intercontinental Manufacturing Company,1102 Rice Line Morganton Grenada,1970-10-05,68,Caron Barlow
Southwest Airlines,364 South Van Ness Bypass Everett Ireland,1945-12-01,128,Bud Paul
Colgate-Palmolive,352 Devonshire Stravenue Grandview Ceuta & Melilla,1960-10-24,248,Ying Gibson
Smith and Company,819 Fresno Path Avon Lake Djibouti,1960-03-31,444,Hugh Byrd
International Business Machines (IBM),1179 Richard Henry Dana Bypass Gaithersburg Antigua & Barbuda,1962-09-04,451,Johnny Diaz
Morgan Stanley,217 Crespi Line Brea Cuba,1948-12-13,366,Jetta Forbes
JCPenney,328 Mccoppin Place Cedar Rapids France,1949-03-17,269,Eusebio Craig
"Blyth, Inc.",290 Glendale Place Pleasantville Kyrgyzstan,1977-11-17,372,Serafina Branch
Corinthian Designs,246 Cameron Line Butte-Silver Bow Bahamas,1971-04-01,179,Dorla Everett
SanDisk,123 Ripley Arcade Phoenix Kosovo,1951-04-06,231,Rosamaria Kent
Hyland Software,187 Charles Arcade Elizabeth City Swaziland,1953-12-09,143,Isis Hendrix
Smith and Company,1214 Cedar Pike South St. Paul Benin,1971-12-17,243,Kandis Nash
Aleris International,483 Mint Viaduct Baldwin Park Kyrgyzstan,1947-11-11,458,Irving Gonzales
Local Matters,832 Oakwood Street Fontana Malaysia,1957-12-10,69,Earnest Stafford
VECO Corporation,910 Nibbi Terrace Spokane Valley El Salvador,1957-08-20,104,Dale Todd
JL Audio,286 Hussey Manor Rockledge Tokelau,1940-12-02,431,Oralee Olson
DirecTV,931 Lake Merced Hill Street Villa Park Lebanon,1954-09-12,461,Jacques Murray
Autoliv,535 Icehouse Cove Barstow Malaysia,1956-08-22,152,Denis Arnold
JN-International Medical Corporation,362 San Ramon Green Pontiac St. Kitts & Nevis,1967-03-14,417,Seth Le
Avant Garde Interior Designs,17 Banks Place Burlington Jordan,1951-07-25,144,Michel Madden
MagnaSolution,85 Rizal Side road Corsicana Norfolk Island,1975-09-21,95,Jere Maldonado
CNA,882 Steveloe Parade Lake Jackson Oman,1960-02-01,114,Kieth Brewer
Southern California Edison,38 Dawnview Bay Lima St. Kitts & Nevis,1959-11-03,209,Danuta Roberts
Four Leaf Clover,266 West Point Place Schertz Nauru,1946-11-14,386,Tambra Pacheco
Spherion,661 Monte Vista Bay Deerfield São Tomé & Príncipe,1972-11-19,256,Marivel Summers
First Rate Choice,800 Bliss Line Lake in the Hills Oman,1970-07-23,311,Janyce Holt
Red Bears Tavern,1185 Evelyn Field Richfield Macau SAR China,1973-04-20,159,Darcel Wilson
AMETEK,73 Ney Freeway Wauwatosa Kiribati,1961-08-12,343,Antione Burks
Mattel,907 Marvel Expressway Roseburg Portugal,1947-04-26,443,Mariano Wiggins
Mattel,301 Admiral Bay Pickerington Cocos,1972-03-07,425,Porter Wolf
Birdwell,351 Pretor Circle Montclair Cuba,1954-08-10,112,Chuck Goodwin
Complete Tech,296 Getz Parkway Madera Rwanda,1950-03-01,372,Tesha Snider
Hunt Petroleum,899 Paris Esplanade Riviera Beach Réunion,1974-07-18,207,Corie Newman
Dean Foods,578 Mercato Garden Rock Island Turkmenistan,1971-05-05,58,Rickie Murphy
NBC Universal,1173 Lilac Ferry Cliffside Park Burundi,1975-10-26,345,Rick Wheeler
Casco Bay Lines,518 Douglass Private Willoughby Northern Mariana Islands,1966-08-08,500,Rodrigo Lloyd
Cole Haan,763 Forsyth Highway Frankfort Moldova,1954-10-08,68,Cyrus Munoz
Marantz,698 Ripley Expressway Grand Forks American Samoa,1954-09-14,457,Mauro Holder
Gamma Gas,242 Arch Spur Pacifica Canary Islands,1960-12-10,226,Derek Berry
Butler America,1156 Bacon Garden Perrysburg St. Vincent & Grenadines,1941-06-26,212,Philip Cline
Watco Companies,295 Mullen Nene Rock Hill Madagascar,1954-05-06,270,Ramon Schroeder
Martha Stewart Living Omnimedia,1264 Vasquez Freeway Kokomo Svalbard & Jan Mayen,1960-02-16,365,Rolf Foster
ChexSystems,443 Wilder Route Kenosha Fiji,1971-02-12,476,Colby Buckley
NetDNA,227 Exposition Point Lisle Poland,1978-02-08,321,Kris Robinson
Shure Incorporated,224 Carrizal Field Murray Luxembourg,1960-09-14,349,Darren Prince
Rich and Happy,1291 Boardman Plantation Bellingham Estonia,1954-07-22,366,Daniel Carr
ABM Industries,1033 Elizabeth Bypass South St. Paul Albania,1979-09-06,317,Sina Walker
Human Kinetics,1342 Chatham Route Pleasanton Guatemala,1973-09-13,54,Nyla Jackson
Arizona Stock Exchange,203 Nantucket Manor Macon French Polynesia,1940-12-04,284,Shayne Savage
Midwest Communications,316 Alvarado Boulevard Albany Norway,1953-12-18,254,Latoria Cole
Vitamax Health Food Center,992 Winston Concession road Annapolis Macedonia,1955-11-23,290,Leoma Gilmore
Techo Solutions,742 Felton Bypass Pelham Cook Islands,1949-12-25,446,Everett Thompson
Advance Auto Parts,1210 Grattan Annex Eau Claire Guam,1945-03-24,453,Ayako Lancaster
Emerson Electric Company,378 Junior Line North Augusta Seychelles,1953-12-08,168,Rory Mccall
Silicon Graphics,129 John Pike Scranton Gibraltar,1950-12-27,290,Anibal Hayden
Libera,718 South Hill Highway La Mirada San Marino,1961-04-03,114,Jefferson Wong
Quest Software,873 Barcelona Path Carrollton Jordan,1955-11-20,234,Emerita Kidd
Maxiserve,1193 Mill Stravenue Beverly Australia,1979-06-25,249,Eugenio Knox
Iron Mountain,1073 Nadell Loop Camden Montenegro,1976-07-19,438,Justin Cardenas
Verbatim Corporation,1222 Cityview Crescent Munster Cyprus,1958-10-04,160,Chase Dudley
The Liberty Corporation,1092 Sharp Hill Kirkland St. Martin,1965-08-26,146,Pamelia Riley
Kerr-McGee,1101 John Muir Row Greeley Australia,1950-07-13,240,Theodore Koch
Copeland's,1250 Minnesota Expressway New Castle Iraq,1948-10-16,158,Karena Norton
Peterbilt,1002 El Plazuela Close Conway Israel,1943-07-12,453,Russ Mcguire
Onvia,619 Crespi Drive Edmond Bhutan,1962-04-19,190,Willard Ferguson
Lazysize,494 Colin P Kelly Jr Alley Country Club Hills Spain,1941-05-09,349,Wynell Dodson
First Choice Garden Maintenance,157 Halleck Manor Morton Grove Grenada,1961-03-20,59,Mitchell Nieves
Briggs & Stratton,922 Garfield Concession road Bristol Montserrat,1978-01-09,362,Mika Cabrera
"Yum! Brands, Inc.",693 Greenspring Row Wyandotte Guernsey,1944-05-12,347,Long Aguilar
XPAC,441 Jules Walk Syracuse Gambia,1943-01-11,63,Frederick Gilbert
Sunburst Garden Management,40 India Lane Boston Angola,1951-09-10,358,Shin Santana
The White Swan,147 Edna Arcade Winchester Jordan,1970-11-20,218,Tuan Coffey
A+ Electronics,1171 Westbrook Turnpike Oakland Park Bosnia & Herzegovina,1957-09-28,442,Murray Gillespie
Excella,546 Doric Extension Sebastian Bhutan,1945-10-01,265,Brendan Bender
Sears,902 Westgate Close Broken Arrow Moldova,1965-04-29,256,Kendal Bowen
Pro Star,74 Chestnut Esplanade Opelousas Nigeria,1973-05-15,481,Evan English
Altec Lansing,1096 Owens Row Inglewood Tuvalu,1979-08-28,455,Vi Drake
Jarden,617 Wentworth Lane Novi Belarus,1980-07-25,466,Christopher Herring
Bemis Manufacturing Company,872 North Gate Road Jefferson City St. Martin,1948-08-07,230,Marvin Graham
Lucas Oil,120 Cabrillo Crescent Warren Germany,1966-02-01,423,Odelia Lawrence
Fisher Electronics,543 Phelan Terrace Oceanside Tanzania,1957-07-12,50,Veronika Floyd
B/E Aerospace,203 Holladay Expressway Chaska Kyrgyzstan,1950-01-26,436,Rocco Salinas
SanDisk,386 Prague Trail Raleigh Oman,1966-11-17,395,Mike Crosby
Bucyrus International,1362 Lexington Run Knoxville Libya,1976-02-17,431,Olin Mckinney
ADC Telecommunications,475 Persia High Street Rogers New Caledonia,1945-09-29,58,Wei Medina
Custom Lawn Care,275 Rossmoor Parkway Winston-Salem Hungary,1970-05-03,354,Britt Gibson
Ocean Spray,1296 Oriole Bypass Park Forest Uganda,1961-09-12,230,Shaquana Eaton
Home City Ice Co.,550 Lloyd Pike Freeport Palestinian Territories,1972-10-25,483,Anja Silva
Datacorp,996 Todd Lane Moorpark Switzerland,1961-12-09,195,Cruz Morris
Bushmaster Firearms International,14 San Juan Circle Gurnee St. Pierre & Miquelon,1946-01-31,62,Garth Calderon
Dover Corporation,258 Copper Run Maple Heights Mali,1945-09-05,293,Billy West
Ocean Spray,229 Goldberg High Street Salt Lake City South Georgia & South Sandwich Islands,1952-11-25,294,Francesco Church
Ameriprise Financial,783 Newcomb Bend Santa Barbara South Sudan,1970-06-28,455,Brett Mccarty
Sunny Delight Beverages,549 Sunset Hill Chapel Hill South Sudan,1953-10-26,173,Vicente Freeman
Gemini Sound Products,1254 Florentine Row Moses Lake Canada,1944-05-29,497,Arnoldo Curry
DC Shoes,308 Gateview 1 Highway Bridgeport Kuwait,1974-08-21,496,Kelsi Solis
Stratapro,1055 Seminole Road Meridian Israel,1978-05-08,361,Raeann O'brien
Terra,887 Bayside Village Turnpike Baltimore Fiji,1963-08-17,113,Shakira Mathews
Red River Broadcasting,1393 Reposa Mall Broadview Heights Zambia,1971-05-10,241,Taunya Todd
The Network Chef,616 Colusa Field Battle Ground Barbados,1968-05-07,166,Patrina Delacruz
Capital One,1194 Rolph Trace Newton Mongolia,1947-12-06,464,Alec Collins
Verizon,391 Osceola Lane Amarillo Bulgaria,1951-05-19,366,Heike Finch
OPOWER,1115 Ohlone Green Clemmons Taiwan,1956-11-24,299,Mirella Gordon
Testor Corporation,186 Case Point Harrison Greenland,1967-04-04,401,Lashaun Burns
Emerson Radio,823 Avenue H Trace Riverbank Kazakhstan,1954-05-19,220,Kieth Scott
Helping Hand,365 Bitting Heights White Plains Cocos,1973-10-08,88,Despina Randolph
Ernod,1250 Rockaway Place Chicago Åland Islands,1966-05-19,305,Synthia Sims
Quest Technology Service,863 Kimball Line Lathrop Congo - Kinshasa,1953-05-31,58,Johnny Glover
DynCorp International,464 May High Street Snellville Albania,1943-12-09,315,Tory Silva
House of Gas,218 Battery Wagner Avenue Manhattan Faroe Islands,1950-09-11,337,Anjanette Thomas
Vizio,237 Filbert Private Montclair U.S. Outlying Islands,1965-06-18,381,Jeanett Donovan
Electronic Data Systems,654 Shipley Route St. Joseph Kyrgyzstan,1950-01-12,454,Merrill Rojas
Erie Insurance Group,992 Harlem Highway Burton Taiwan,1943-12-13,460,Gabriel Hendricks
Pearl Architectural Design,634 Devonshire Mall Peabody Curaçao,1950-06-09,406,Oren Mcleod
Kmart,1089 Jessie West Parkway Parma Heights Senegal,1952-09-19,244,Brynn Avery
Creative Wealth,880 Holly Park Path Oxnard Canada,1961-02-17,291,Cherish Walls
Express Scripts Incorporated,808 Forest View Line Mauldin Congo - Kinshasa,1979-05-28,281,Gregory Kirby
West Liberty Foods,799 Fortuna Highway Durango Northern Mariana Islands,1953-07-23,339,Rupert Hopper
Yahoo!,261 Cranleigh Drung Milwaukie Dominican Republic,1956-12-15,300,Sanora Pollard
Baxter International,724 Canby Place Norristown Vatican City,1960-11-18,178,Lynetta Case
Stewart-Warner,402 Cameron Terrace Athens Senegal,1963-09-23,106,Clayton Prince
Vitagee,914 Holly Park Viaduct Matteson Chad,1946-10-11,165,Ramonita Tran
American Express,749 Iowa Sideline North Platte Puerto Rico,1961-10-14,361,Louetta Haley
Kohler Company,953 Mccann Lane Draper Burundi,1968-07-17,458,Domenica Pickett
Applied Materials,1164 Getz Circle Fort Smith Switzerland,1969-06-27,432,Mitsuko Turner
BMC Software,953 Avocet Row Brooklyn Park Greenland,1942-03-19,68,Terence Lloyd
Open Interface,838 Chatham Road Layton Fiji,1940-04-09,305,Kenton Williamson
Acuserv,920 Morton Bypass Johnson City Qatar,1955-01-08,362,Kelvin Nieves
Lone Wolf Wealth Planning,347 Bannock Gardens La Vergne Suriname,1975-07-06,178,Nestor Cole
Arkeia Software,365 Naglee Townline Tulare Uzbekistan,1959-01-20,120,Cortez Hyde
Quality Merchant Services,521 School Grove Greensboro Kuwait,1957-04-25,214,Trinity Wilder
SkyWest Airlines,1081 Peabody Road Longview Guernsey,1940-03-03,481,Voncile Tyson
Mozilla Foundation,237 Sfgh Access Park Ashwaubenon Pitcairn Islands,1958-04-23,59,Veola Bolton
Profitpros,564 Lassen Brae North Olmsted Faroe Islands,1941-02-11,74,Solomon Copeland
Jackpot Consultant,332 Coral Ferry Amsterdam French Polynesia,1958-02-07,81,Rudy Mcleod
News Corporation,1243 Gateview Glen Lubbock Liechtenstein,1943-10-06,437,Marilu Kidd
AECOM,481 Junior Side road Hobart New Caledonia,1972-06-15,110,Erin Barber
Medimix International,1337 Admiral Boulevard Grand Forks Mauritania,1952-10-29,327,Rolland Holmes
Rich and Happy,207 Brussels Gate Aberdeen Zambia,1972-09-18,259,Christena Bond
Seksi Ladi,881 Mabrey Hill Cleburne Netherlands,1940-07-02,403,Delpha Montgomery
American Reprographics Company,1208 Langdon Side road White Bear Lake Czech Republic,1943-02-16,300,Lezlie Boyd
Total Quality,850 Avocet Brae Minot Yemen,1976-04-06,127,Jarvis Knowles
Converse,892 Norwich High Street Erie Liberia,1964-06-18,292,Carter Santos
Morgan Stanley,429 Pagoda Nene Newburyport Monaco,1979-06-07,146,Gabriele Carlson
W. L. Gore & Associates,126 Inverness Court Portage Portugal,1972-11-18,124,Magan Romero
Master Builder Design Services,505 Modoc Nene Mesquite Kuwait,1976-05-03,423,Morgan Mcmahon
Gore-Tex,494 Blanken Route Grand Prairie United Kingdom,1978-03-30,253,Virgen Kline
Fiserv,1057 Guy Walk Missouri City Slovakia,1964-12-17,318,Digna Herring
Maxaprofit,61 Montague Road Milwaukie Morocco,1977-11-19,362,Loyce Graves
Taco Tico,436 Leavenworth Viaduct Murrieta Gambia,1949-05-12,253,Antonio Leonard
AVST,471 Verdun Boulevard Iowa City Libya,1961-03-16,307,Nathanial Warren
Magna Gases,862 Lincoln Trace Easton Equatorial Guinea,1976-12-04,152,Mayola Strong
Capitalcorp,1214 Vicksburg Spur Chambersburg Swaziland,1966-03-10,267,Yolande Le
Honeywell,131 Frank Norris Bend Renton Colombia,1945-03-29,457,Boyce Burns
The Pink Pig Tavern,978 Phelan Parkway Wilkinsburg Canada,1980-04-18,375,Nestor Stevens
Journal Communications,1357 Shields Path New Bedford South Georgia & South Sandwich Islands,1945-02-25,347,Kelle Farmer
ION Media Networks,834 Palace Of Fine Arts Gardens Ypsilanti Ghana,1945-10-28,79,Alex Jennings
Verizon,313 Colon Highway Kalamazoo Spain,1962-08-07,495,Kaycee York
Fender Musical Instruments Corporation,163 Teddy Spur Danville Kuwait,1943-10-15,142,Minh Stanton
Kraft Foods,645 Treasure Island Bypass Webster Groves Seychelles,1961-12-08,177,Freddie Larson
Superior Appraisals,231 Vallejo Court Ogden Myanmar,1966-06-02,127,Kortney Fleming
General Communication,382 Fair Oaks Private Elgin Ireland,1958-09-04,496,Carrol Hodge
Sunburst Garden Management,953 Craut Square Belle Glade Ascension Island,1953-04-04,129,Hunter Valdez
American Airlines,821 Islais Plantation Papillion Jersey,1978-12-01,492,Dino Burgess
a21,1110 Worden Ferry Schenectady Uruguay,1972-02-11,366,Elease Sosa
Bain & Company,1319 Conwell Line Schererville Cameroon,1958-08-15,117,Ardelle Donaldson
Wise Solutions,257 San Antonio Highway Mentor Montserrat,1940-09-18,409,Del Finley
Datacorp,506 Ulloa Walk Smyrna Congo - Kinshasa,1967-08-26,398,Rodolfo Carter
Atmos Energy,129 Saroyan Bay Denver Åland Islands,1943-08-13,157,Willard Holcomb
Pilgrim's Pride,1167 Precita Sideline Lauderdale Lakes Guinea-Bissau,1959-09-03,166,Benton Lucas
Infor,1374 Ada Bay Richfield Costa Rica,1959-07-29,413,Jules Benjamin
FedEx,1276 Cooper Crescent Overland Park Barbados,1956-05-18,388,Mozella Munoz
XPLANE,917 Majestic Sideline Weirton United Kingdom,1974-11-30,421,Bronwyn Glenn
RadioShack,990 Buchanan Walk Norwalk North Korea,1968-03-08,261,Aleen Vance
Personal & Corporate Design,1007 Melrose Freeway Goldsboro Greenland,1977-01-20,247,Loren Garner
Auto-Owners Insurance,596 Samoset Path Pico Rivera Laos,1954-11-13,384,Erminia Stanton
Exelon Corporation,936 Oneida Spur Raymore Czech Republic,1979-05-01,120,Elisa Stafford
Martel Communication,671 Karen Viaduct Reedley Congo - Brazzaville,1969-06-13,261,Seema Stewart
Ball Corp.,1273 Fresnel Garden St. Cloud Ecuador,1963-11-07,141,Frances Sandoval
Corsair Memory,869 Continuum Parade Harrisonburg Ireland,1943-02-17,408,Kimiko Gray
"Fred Meyer, Inc.",890 D Court Roanoke France,1949-01-08,268,Carson Pratt
MCI Inc.,863 Paulding Bend Mamaroneck Iran,1980-03-16,153,Arminda Byers
Colt Defense,720 Harris Brae McKinney Yemen,1957-05-19,390,Gaylord Cook
Valero Energy Corporation,854 Letterman Freeway Beckley Martinique,1949-09-23,363,Katharyn Doyle
Ameren,40 Dorman Turnpike Sioux City Norfolk Island,1967-07-01,208,Wade Dixon
Greyvoid,584 Cosgrove Mews Jeffersontown Åland Islands,1950-07-20,496,Twanda Fox
Gold Touch,297 Lauren Arcade Arvada Morocco,1970-07-12,216,Desmond Dodson
Calista Corporation,178 Gibbon Park Lake Charles Oman,1951-01-16,61,Letisha Wiley
Whataburger,472 Belden Parade Jacksonville Jamaica,1946-04-15,312,Valentin Bishop
Fresh Start,763 Keppler Drive Tifton Bhutan,1940-06-05,321,Andrew Hays
"Sterling Ledet & Associates, Inc.",996 Rudden Square Gresham United Arab Emirates,1977-06-23,469,Jodee Pacheco
Big Lots,28 Isis Wynd New Philadelphia Syria,1971-01-23,56,Ira Lindsey
WWW Realty,1068 Diana Ferry Carson Niger,1952-02-08,429,Eloy Farrell
Avon Products,302 Macondray Trail Palisades Park Nicaragua,1964-09-20,496,Carlos Nixon
Caterpillar Inc.,251 Sacramento Hill Christiansburg Swaziland,1957-02-04,360,Alica Yates
Delta Air Lines,584 Cunningham Arcade Gilroy Macau SAR China,1961-08-17,494,Craig Nash
Infor,1129 Neptune Close Valley Stream Tunisia,1966-04-24,174,Winston Pitts
Monit,13 Leona Street Prescott Valley Chile,1945-07-04,347,Ernie Cleveland
"Cisco Systems, Inc.",744 Alta Vista Court Ada St. Helena,1964-06-17,329,Lloyd Lynch
Libera,1156 Breen Road Edgewater Svalbard & Jan Mayen,1954-10-04,285,Stevie Delgado
NetApp,806 Ridgewood Plaza Palm Bay Bolivia,1954-05-08,291,Noma Craft
Simple Solutions,143 Mint Parkway Lake in the Hills Samoa,1958-08-11,60,Hilaria Perez
VECO Corporation,764 Ignacio Loop Yuma Peru,1953-04-03,343,Efren Strong
Strength Gurus,39 Kittredge Brae Southgate South Sudan,1963-08-12,344,Gracia Mcclure
Corinthian Designs,989 Gibb Garden Cupertino St. Kitts & Nevis,1949-01-12,312,Adrian Mcclure
Vulcan Corporation,195 Lapu-Lapu Esplanade New Britain India,1975-11-02,270,Joslyn Blackwell
Planetbiz,367 Rainey Spur Gloucester Belgium,1966-06-17,115,Carlo Edwards
Burlington Coat Factory,1032 Kalmanovitz Lane Saratoga Springs Palau,1980-07-29,327,Lexie Wooten
American Airlines,482 Maxwell Path Opelousas Kiribati,1975-12-28,172,Vanda Keith
Salary.com,168 Reno Bay Seattle Cocos,1978-07-09,490,Frederick Byrd
DISH Network,51 Phelps Terrace Cedar Rapids Austria,1963-12-04,473,Steven Farrell
BlackRock,261 Montcalm Expressway Conway Norfolk Island,1967-05-22,75,Leonel Velez
Emcor,262 Bucareli Run Tampa Luxembourg,1974-05-16,102,Rubi Erickson
Storage Technology Corporation,312 Hemway Court Bossier City Iran,1955-01-12,444,Bernetta Andrews
Chrysler,715 Addison Square Rockville Centre Cook Islands,1947-05-02,96,Assunta Gibson
KFC,452 Patton Grove New Haven Taiwan,1960-03-25,94,Loan Calhoun
Federal Home Loan Mortgage Corporation,60 Bryant Cove Calexico Canary Islands,1975-09-04,452,Hilde Ray
ADC Telecommunications,24 Colon Glen Prattville Liberia,1978-07-16,170,Carlita Burke
Applied Materials,787 Burnside Green Cathedral City U.S. Outlying Islands,1970-06-09,214,Rozanne Love
Strategic Profit,773 Thorp Thruway Seminole St. Vincent & Grenadines,1960-10-29,402,Golden Mccoy
eBay,754 Venard Line Romulus Papua New Guinea,1940-02-07,91,Valentin Pruitt
VF Corporation,459 Powell Alley Moorpark Estonia,1970-02-08,215,Allan Gentry
Total Sources,648 Dormitory Circle Lenexa Aruba,1948-07-31,477,Kourtney Glenn
General Electric,1283 Bartol Mall Deerfield Beach St. Vincent & Grenadines,1955-09-07,214,Sumiko Wiggins
A+ Electronics,280 Dublin Bay Turlock British Virgin Islands,1948-12-09,212,Claretha Kent
Allen Organ Company,959 Church Parking Lot Heights Monterey Finland,1943-08-21,434,Mozella Knox
Allstate,216 Flood Side road Pleasant Prairie Kenya,1952-06-10,306,Milford Witt
Vaughan & Bushnell Manufacturing,899 Pizarro Drive Westfield Honduras,1959-06-15,232,Chauncey Carney
American Home Mortgage,448 Avenue M Trail Lynchburg Iran,1980-07-23,331,Bell Hardin
Afforda Merchant Services,1155 Briarcliff Lane San Mateo Madagascar,1965-01-27,397,Zenobia Byers
The Weinstein Company,60 Bucareli Side road East St. Louis Ceuta & Melilla,1948-08-20,433,Madison Kidd
Bain Capital,1296 Kendall Boulevard Carpentersville St. Martin,1954-08-02,485,Bret Pitts
Ford Motor Company,166 Grote Circle Lakeville Nauru,1958-09-10,97,Emile Finch
Gore-Tex,442 Still Route La Crosse Samoa,1948-04-21,363,Janean Mcdowell
Boston Acoustics,205 Connecticut Side road Lenexa Sri Lanka,1954-09-23,261,Rozella Hernandez
Avant Garde Appraisal Group,1281 Rockdale Green Carson Lithuania,1960-11-30,62,Ashli Potter
The Coca-Cola Company,872 Fuente Trace Saratoga South Africa,1955-10-25,422,Samual Patel
VMware,1399 Byron Bend Kennewick Libya,1969-06-28,80,Sharda Clements
Human Kinetics,293 San Gabriel Line Massapequa Park Guam,1941-10-24,340,Gaylene Rivas
Megatronic,1343 Elk Pike Blue Island Falkland Islands,1971-05-10,237,Rosia Hughes
Adaptec,597 West Point Sideline Pawtucket Portugal,1942-03-30,283,Hisako Banks
Strategy Consulting,1078 Geneva Manor Mandan Hungary,1962-10-08,331,Stefania Zamora
W. R. Berkley,360 Boalt Manor Bourbonnais New Caledonia,1951-07-24,242,Donovan Thornton
New World,850 Dudley Alley Avon Antigua & Barbuda,1971-04-16,289,Pura Fields
Corpbay,374 R Bend San Juan Oman,1957-09-21,88,Harland Humphrey
Bose Corporation,948 Burnside Viaduct Bend United Arab Emirates,1956-01-21,292,Wade Cruz
Domtar,698 Decker Ferry Panama City Isle of Man,1969-09-12,462,Lien Holcomb
Ashland Inc.,967 Hagiwara Tea Garden Circle Paducah Micronesia,1958-02-09,332,August Mack
Visa Inc.,162 Jean Trace Midlothian Portugal,1944-06-09,390,Sean Grimes
H&R Block,1013 Richter Stravenue Nampa Curaçao,1951-08-18,225,Marth Barlow
Rayovac,889 Forest Side Boulevard Euclid Anguilla,1970-10-28,417,Kayleigh Ratliff
Naturohair,294 Cassandra Esplanade Palm Beach Gardens French Guiana,1962-01-02,416,Dustin Crosby
Jack in the Box,125 Thorne Arcade Burton Andorra,1968-02-14,163,Eugene Cortez
Helping Hand,322 Sagamore Plantation Sheridan Maldives,1953-02-01,171,Teisha Wilson
Six Flags,631 Arellano Grove Atlantic City Singapore,1947-06-03,70,Leigh Byrd
Grey Fade,93 Longview Mall O'Fallon Jamaica,1952-11-01,71,Michale Landry
YRC Worldwide Inc.,544 Sonoma Private Walnut Creek Macedonia,1954-09-19,331,Ashanti Moon
Atlas Realty,47 Clay Parkway Duarte Jordan,1962-07-23,67,Karl Dillard
General Mills,414 Marlin Manor San Luis Hungary,1968-09-15,96,Arianne Barlow
QuickTrip,1023 Rivoli Arcade West Allis St. Vincent & Grenadines,1971-11-25,453,Klara Blackburn
Zenith Electronics,1145 Spencer Road Riviera Beach Maldives,1948-04-27,387,Darlena Duke
DineEquity,769 Terrace Wynd Butte-Silver Bow Madagascar,1958-07-27,418,Gertha Albert
Becton Dickinson,544 Oliver Bay Canton Timor-Leste,1946-11-24,350,Jeremy Stokes
Gibson Guitar Corporation,129 Paper Hill Painesville Uganda,1943-09-08,127,Valene Noel
Rivera Property Maintenance,930 Colon Stravenue Quincy Kazakhstan,1953-02-13,464,Lezlie Cleveland
MCI Inc.,425 Sagamore Thruway Cleveland Uzbekistan,1972-11-13,369,Roberto Glenn
Broadcom,939 Fanning Place Cedar City Canada,1977-04-30,416,Carlena Beasley
OPOWER,651 Edna Drive Honolulu Niue,1971-07-07,107,Cory Nicholson
CKE Restaurants,624 Mayfair Wynd Round Lake Beach Qatar,1949-01-30,214,Lamar Malone
Independent Wealth Management,383 Hanover Manor Gainesville Cyprus,1962-01-09,361,Dannielle Merrill
B/E Aerospace,165 Signal Expressway Enid Belize,1952-03-18,360,Lance Workman
Cut Rite,546 Greely Drive Euless South Georgia & South Sandwich Islands,1944-01-20,218,Ramon Hurley
Gamma Grays,758 Mission Ferry Rancho Mirage Western Sahara,1971-06-24,324,Lou Noble
Total Serve,1371 Roach Mall Waxahachie Kazakhstan,1963-02-05,188,Johnnie Osborn
Mars Incorporated,571 Turk Crescent St. George Kosovo,1979-07-24,252,Mammie Cannon
Chargepal,693 Butte Thruway Sammamish Georgia,1954-04-03,314,Marilou Rosario
Sony Pictures Entertainment,794 Noriega Mall Plainview Greece,1960-10-23,419,Eugenie Hudson
AECOM,1165 Pagoda Circle La Porte Tuvalu,1971-02-13,154,Maricruz Rios
Avaya,480 Larch Freeway Atlantic City Ireland,1975-06-07,306,Loris Kirk
Universal Design Partners,371 Pretor Alley Corsicana Nauru,1968-05-05,169,Spencer Wyatt
Enrich Garden Services,624 Chicago Street Lomita Australia,1968-05-28,238,Scott Castro
Aon Corporation,684 Acevedo Wynd Centerville St. Lucia,1956-11-23,150,Morris Espinoza
Spherion,1324 Williar Road Moorpark St. Pierre & Miquelon,1964-09-25,457,Ruthanne Contreras
Magna Architectural Design,12 Annapolis Stravenue Holly Springs British Indian Ocean Territory,1948-12-19,259,Wendie Whitfield
Amerigroup,619 Vesta Road Fort Lee Sweden,1946-07-20,358,Milly Sampson
Antec,43 Lakeview Mews Prior Lake Puerto Rico,1948-08-18,306,Yun Snyder
Emerson Electric Company,1297 Mint Hill Nashua Central African Republic,1974-04-12,129,Rupert Brewer
Abbott Laboratories,480 Aztec High Street West New York Azerbaijan,1972-10-08,294,Vince Garcia
American Reprographics Company,90 Saint Marys Townline Owensboro Turks & Caicos Islands,1959-12-04,449,Trevor Rosario
Memorec,33 Estero Drung Garfield Heights Chile,1972-03-04,484,Keneth Walsh
Jackpot Consultant,726 South Van Ness Gate Venice Ukraine,1975-09-29,124,Isobel Stevens
Numark (DJ equipment),679 Alana Path Glendale Vietnam,1951-01-12,102,Denny Stanley
Burger King Holdings,560 Mary Bend Honolulu Malta,1979-06-05,278,Dannie Joseph
Elizabeth Arden,351 Michigan Parade Bellevue Guatemala,1968-12-02,259,Ivey Kent
Fox Film Corporation,592 Eastman Circle Lemon Grove Thailand,1980-09-29,369,Leonardo Barber
Equifax,34 Admiral Lane Davenport Maldives,1969-01-07,312,Cicely Keller
Galaxy Man,571 Stockton Thruway Port Chester Turks & Caicos Islands,1978-04-07,178,Florinda Frazier
Home City Ice Co.,1127 Westside Court Carson Cambodia,1977-11-29,387,Jesusa Dillon
Bountiful Harvest Health Food Store,1274 Italy Extension Montebello U.S. Outlying Islands,1962-12-12,138,Lazaro Williams
Halliburton,400 Diana Avenue Donna San Marino,1951-07-20,221,Minna Dennis
DuPont (E.I. du Pont de Nemours),170 Rosenkranz Bypass Haltom City Oman,1962-01-03,438,Contessa Stewart
"Dell, Inc.",965 Santa Ynez Concession road Georgetown Laos,1954-07-21,78,Major Rogers
Grey Fade,1049 Austin Hill Midlothian Aruba,1945-02-07,87,Stepanie Snow
Just For Fun,1041 Chesley Loop Hialeah Gardens Honduras,1968-01-05,50,Jessi Hartman
Sprint Nextel Corporation,331 Evans Street Moorpark Côte d’Ivoire,1955-01-30,53,Benjamin Vincent
Red Hat,287 Dashiell Hammett Trace Mukilteo Norway,1973-07-28,405,Barton Beach
Fox Film Corporation,241 Ezekiel Concession road Oshkosh Tonga,1949-09-09,485,Hyun Sexton
Eddie Bauer,549 Morning Glory Parkway Pullman Vietnam,1966-07-13,249,Ruben Brooks
CBS Corporation,468 Patterson Turnpike Redondo Beach Sweden,1960-07-30,490,Tennie Sawyer
"CA, Inc.",862 Verna Mall Plant City Congo - Brazzaville,1958-11-20,451,Marcelino Le
Duke Energy,114 Friedell Trace Schaumburg Syria,1960-11-26,108,Palmira Hess
Nutri G,1132 El Sereno Place Painesville Zambia,1961-06-20,341,Francis Fleming
Lexmark,1070 Harney Grove Casper Isle of Man,1972-02-18,216,Eusebio Richards
Miro Technologies,1098 Ver Mehr Esplanade Converse Guernsey,1959-06-29,285,Sonny Harper
Belkin,283 Rosemary Sideline Los Banos Belize,1960-04-12,133,Berenice Lester
Destiny Planners,446 Short Point Clarksville Ghana,1975-11-05,170,Luvenia Stephens
CKE Restaurants,35 Fountain Pike Sulphur Austria,1959-08-17,212,Jolanda Nelson
YASH Technologies,810 Eddy Avenue Carrboro Denmark,1950-06-01,382,Jerrod Joyce
DTE Energy,251 Polaris Turnpike Twin Falls Eritrea,1955-02-08,297,Vella Chapman
Adaptaz,327 Santa Fe Line Oregon Yemen,1943-09-05,369,Eugenie Hogan
Fresh Start,324 Visitacion Parade Monterey Park North Korea,1971-06-08,122,Henry Rice
Midwest Communications,5 Whipple Grove Indianapolis Côte d’Ivoire,1943-05-16,449,Claude Sweeney
OPOWER,771 Loomis Square Lynchburg Qatar,1947-03-05,78,Hugh Wilkinson
Bosch Brewing Company,966 Shields Glen Chico Chad,1956-05-15,415,Freeman Lambert
AnaSpec,959 Mulford Street Kerrville Netherlands,1955-01-05,302,Carmine Valencia
Winnebago Industries,177 Peters Promenade San Mateo Marshall Islands,1959-06-07,434,Jason Stewart
GHD Inc.,1117 Western Shore Highway Safety Harbor Gabon,1951-06-24,127,Olene Perkins
Rollins Inc.,704 Forsyth Close Evergreen Park Côte d’Ivoire,1977-11-12,54,Yanira Owens
New Era Tickets,32 Levant Bend Northglenn Burkina Faso,1980-04-17,314,Brad Johns
Novellus Systems,180 Industrial Point Redlands Uzbekistan,1971-02-08,269,Jalisa Peters
Nvidia,1256 Mariner Route Duarte Paraguay,1960-02-05,500,Tona Vaughan
Avery Dennison,305 August Trail Franklin Park Serbia,1965-10-05,132,Yael Hickman
a21,636 Skyline High Street Sandy Springs Hungary,1975-05-09,329,Evita Gillespie
Walmart,1268 Waterloo Extension St. Clair Shores Guinea,1963-02-05,294,Alix Mcgee
The Library Corporation (TLC),145 Candlestick Cove Boulevard Glen Cove Uruguay,1962-10-19,329,Emile Copeland
Deere & Company,861 Oshaughnessy Annex Hillsboro American Samoa,1946-11-06,205,Deon Blackwell
Plan Smart,566 Gillette Lane Wausau Luxembourg,1954-07-17,249,Billy Dawson
Antec,217 Yorba Walk Alhambra Australia,1945-05-01,235,Simonne Clemons
Magna Architectural Design,338 Naylor Line San Fernando Czech Republic,1971-05-23,473,Justa Dickerson
TransDigm Group,556 Monument Thruway St. Louis Park Romania,1956-05-25,128,Jamey Haley
Lowe's,1199 Dodge Bypass Homer Glen Tanzania,1980-08-29,176,Janetta Nash
Helios Air,497 Reno Loop Carteret Israel,1953-11-16,94,Devora Barlow
Verizon,161 Woodside Cove Holly Springs Georgia,1978-12-10,235,Elanor Donaldson
Naturohair,1089 Sfgh Access Stravenue Hoffman Estates Montserrat,1962-03-27,439,Jerrold Berg
Riverdeep,346 Yosemite Private Norristown Austria,1943-05-16,439,Jody Schroeder
Electronic Arts,219 San Felipe Esplanade Cleburne Brazil,1957-09-10,423,Mario Horn
Naturohair,779 Hattie Concession road Raytown Australia,1978-04-13,81,Aundrea Haney
Walgreens,572 Robert Kirk Concession road El Cajon Yemen,1972-11-13,407,Johnie Bradshaw
AmerisourceBergen,1351 Murray Glen Parker Nigeria,1960-08-23,264,Kristel May
Xilinx,491 Stilwell Gate Yuma Tunisia,1942-04-11,222,Rogelio Williams
UTStarcom,612 Lilac Wynd Lancaster Jersey,1949-08-17,128,Monroe Gamble
Emerson Radio,886 High Row Neenah Mauritius,1970-08-03,351,Linwood Frost
AirTran Holdings,334 Seymour Crescent Hinsdale Ireland,1946-08-13,325,Fred Savage
Smith and Company,857 Shakespeare Nene East Moline Laos,1963-09-04,162,Marvella Dalton
H&R Block,1072 Daggett Arcade Nogales Mozambique,1947-05-28,163,Shon Gonzales
Sonic Solutions,71 Eugenia Viaduct Jonesboro Qatar,1942-02-16,197,Cordell Abbott
Capital One,1121 Walter Cove Bell Switzerland,1952-04-04,64,Jerold Haney
Texas Instruments,303 Church Drung Marina Western Sahara,1980-09-22,390,Usha Bishop
Bose Corporation,342 Rossmoor Crescent Chambersburg Nepal,1963-04-14,214,Florrie Malone
Motorola,63 Wills Park Kirkland Mauritania,1954-09-02,238,Rudy Torres
VMware,758 Connecticut Trace Peoria Kiribati,1961-01-29,158,Dulcie Guy
Multi Tech Development,839 Detroit Promenade Moreno Valley South Korea,1977-10-22,218,Antonina Richmond
BFG Technologies,761 Tingley Crescent Faribault Albania,1967-01-11,445,Antony Ayala
Dean Foods,1180 Clover High Street Lorain Svalbard & Jan Mayen,1973-05-02,327,Suzann Hatfield
Bellwether Technology Corporation,63 Retiro Expressway Cumberland Burundi,1970-02-16,348,Shalon Anderson
Aleris International,1372 Manchester Private Pekin Hungary,1948-05-04,335,Zachary Harris
Custom Lawn Care,381 Blanken Expressway Danville Japan,1952-05-08,102,Mignon Freeman
Elizabeth Arden,92 Espanola Turnpike Bellevue Tajikistan,1945-01-05,416,Laurena Vang
Colgate-Palmolive,895 Los Palmos Square Long Beach Marshall Islands,1960-03-13,222,Trent Hodges
JetBlue Airways,1046 El Verano Arcade New Port Richey Botswana,1942-06-04,256,Drew Velazquez
AES Corporation,918 Boalt Garden Coalinga St. Kitts & Nevis,1974-06-04,312,Hipolito Cameron
Comcast,536 Short Townline Holladay Namibia,1944-08-26,104,Harland Fitzgerald
Fresh&Easy Neighbourhood Market,1175 Stilwell Drung Lompoc Curaçao,1949-12-24,216,Vern Villarreal
Friendly Interior Design,1144 Wyton Bend Shawnee Estonia,1950-10-25,444,Joshua Alford
Marsh & McLennan,1210 Wool Wynd Hannibal Isle of Man,1972-11-27,395,Hung Villarreal
DynCorp International,182 Thor Concession road Stanton Japan,1940-08-05,421,Otis Fitzgerald
Briggs & Stratton,1357 Mahan Avenue Hesperia Liechtenstein,1940-04-17,104,Alease Mcclain
Sunoco,623 Edinburgh Nene Midlothian Antarctica,1961-03-28,464,Anjelica Clements
Mission Realty,1382 Gibb Glen Fort Pierce Congo - Brazzaville,1953-10-21,490,Adam Cantu
Modern Realty,215 Morse Esplanade East Moline Saudi Arabia,1975-12-28,286,Ai Duran
Strong Life,119 Oneida Viaduct Marietta Singapore,1957-07-22,419,Hosea Bell
PepsiCo,475 Whipple Plaza Shreveport Tristan da Cunha,1966-01-26,358,Martin Osborne
Infinity Investment Plan,751 Balceta Brae Daphne Israel,1977-10-11,444,Kimbra Humphrey
Reliable Guidance,300 Theresa Path Sevierville Croatia,1962-12-16,423,Man Giles
Arizona Stock Exchange,305 Touchard Wynd Bothell Monaco,1969-08-29,414,Scotty Morris
The Walt Disney Company,845 Waterville Point Huntington Park Gabon,1972-11-06,298,Shala Horton
Parallel Px,1257 Fresno Annex Oceanside Saudi Arabia,1963-03-11,256,Ramonita Hanson
Colt Defense,161 El Polin Path Hesperia Tristan da Cunha,1978-09-15,282,Karisa Whitfield
Fresh Start,98 Maple Bend Ocoee Côte d’Ivoire,1960-04-26,67,Fransisca Jarvis
Infor,971 Turk Murphy Route Casper Honduras,1961-10-07,427,Cory Cooke
Renys,71 Alhambra Spur Vacaville San Marino,1978-10-21,115,Neely Oliver
Avery Dennison,454 Marina Green Viaduct Port Arthur Thailand,1951-07-13,257,Ardella Adams
Ecolab,1098 Rayburn Bend Bryan Egypt,1968-03-13,79,Sharmaine Carrillo
Expeditors International,1185 Arguello Parade New Castle Cape Verde,1966-02-13,463,Simon Bell
Grey Fade,168 Andover Parade Tulare Turks & Caicos Islands,1979-09-03,134,Merrie Boyd
Infinite Wealth,343 Montcalm Trail Martinez Ghana,1944-10-09,408,Michel Hunter
Pro Garden Management,301 North Van Horn Parkway Sunrise Western Sahara,1970-09-03,167,Telma Adkins
Zephyr Investments,582 Gene Friend Plantation Mission Viejo Ethiopia,1941-09-09,469,Enola Norton
Jackpot Consultant,567 Francis Field Springfield Burkina Faso,1965-04-01,312,Shoshana Padilla
BJ Services Company,1368 Dorchester Hill Horn Lake Nicaragua,1959-01-17,132,Ashlea Benson
Burger King Holdings,831 West Portal Hill Chowchilla Oman,1955-04-22,157,Aaron Marsh
Flexus,333 Leidesdorff Boulevard Rogers U.S. Outlying Islands,1966-02-16,257,Noella Gray
Maxiserve,559 Flora Thruway La Mesa Djibouti,1947-06-03,335,Jc Espinoza
Goodrich Corporation,841 Galilee Place Rockwall Guyana,1974-08-14,233,Dane Cunningham
Crazy Tiger,88 Sibert Circle Haverhill St. Vincent & Grenadines,1973-03-01,396,Lawanna Barlow
Dollar General,1198 Hale Crescent Tyler Liberia,1972-10-12,228,Rudolph Wilkins
CNET,325 Yorba Esplanade Rancho Mirage Liberia,1963-11-26,132,Lashandra Short
The White Swan,842 Castenada Park South Euclid Kyrgyzstan,1978-06-06,83,Hyon Solis
Atmos Energy,309 Vassar Green Lewiston Seychelles,1954-10-15,152,Jerrell Mathis
Dreamscape Garden Care,842 Washington Alley Champlin Gibraltar,1965-08-16,111,Jim Crawford
Avis Budget Group,1094 St. Paul Street-Calvert Circle Cleburne Cayman Islands,1972-06-28,340,Andreas Hartman
ION Media Networks,251 Industrial Walk Las Cruces Peru,1945-02-27,113,Timothy Marks
Smith and Company,643 Dr Carlton B Goodlett Wynd Laramie South Georgia & South Sandwich Islands,1976-06-22,97,Fredric Massey
facebook,807 Cherry Plantation Melrose Congo - Brazzaville,1980-01-09,239,Jean Sexton
Dean Foods,1012 Santa Rita Pike Scarsdale Mayotte,1945-12-07,180,Kyoko Kelly
Textron Inc.,572 Upton Esplanade Mesa Puerto Rico,1977-11-03,268,Jackson Oliver
Duke Energy,896 Woodhaven Run Tinley Park Taiwan,1973-06-26,144,Van Ballard
Bosch Brewing Company,292 Barry Lane Romeoville South Sudan,1950-11-10,246,Sharmaine Santana
Custom Lawn Care,146 Morse Wynd Cape Coral Mauritius,1957-10-13,158,Joel Madden
Regis Corporation,881 Battery Dynamite Lane Rancho Santa Margarita Mauritius,1943-05-01,170,Youlanda Morrison
Dun & Bradstreet,568 Acadia Cove Grandville Guyana,1965-07-02,235,Man Gibson
ExxonMobil,400 Toyon Esplanade Golden Bahrain,1942-04-15,479,Tawna Haynes
Nutri G,212 Via Bufano Lane Libertyville Lithuania,1953-02-18,153,Tawny Lott
Prahject Planner,535 Nahua Row Tullahoma Tuvalu,1974-07-20,432,Tomas Wilkerson
Atlas Realty,1303 Olive Alley Godfrey Djibouti,1966-01-06,325,Mitchel Vincent
Kmart,1155 Saddleback Gardens Lacey Niger,1952-05-27,478,Markus Langley
Rayovac,523 Dakota Concession road Batavia Zimbabwe,1961-05-21,385,Irving Arnold
Trinity Industries Inc.,1284 Minerva Court Bend Venezuela,1948-04-10,69,Carolin Morgan
Fit Tonic,148 Corwin Place Wooster San Marino,1955-06-20,242,Bao Sims
Kmart,1071 Friendship Stravenue Ponca City Antigua & Barbuda,1980-04-18,277,Leena Sawyer
Asian Plan,639 Elizabeth Park Nixa Sudan,1962-03-19,337,Phylicia Leblanc
"Wells Fargo Bank, N.A.",1267 Valmar Boulevard Gresham Samoa,1965-09-17,272,Kris Daugherty
Rockford Fosgate,1061 Seal Cove Manor South Holland French Guiana,1955-09-23,168,Wade Martin
Vermeer Industries,1028 Boalt Side road Newport Bosnia & Herzegovina,1964-11-08,217,Lucien Salazar
Office Max,14 Battery Chamberlin Sideline Kennewick Grenada,1951-10-24,238,Fidel Carey
Omni Architectural Designs,1073 Prado Lane South Plainfield Greece,1974-11-12,242,Merrill Hester
Fox Film Corporation,949 George Road South Pasadena Chad,1940-04-15,298,Curtis York
Microcat,1099 Boalt Bay North Charleston Croatia,1952-08-10,369,Jackie Mays
Independent Investors,748 Blandy Private Mankato Guatemala,1964-01-24,404,Whitney Burton
Road Runner Lawn Services,993 Nellie Loop Manchester Canada,1963-09-20,92,Thad Mcbride
Afforda Merchant Services,512 Cushman Pike Columbia Tanzania,1978-09-17,256,Rodney Noble
Texas Instruments,133 Franconia Place Thornton Palau,1943-01-05,100,Arthur Schmidt
Vivitar,1031 Sargent Thruway Wilsonville Greenland,1954-12-28,190,Kaylene Shannon
Total Yard Management,1133 Athens Viaduct Milford Lithuania,1947-03-13,308,Peter Clay
Gamma Realty,134 Seal Rock Drung Vernon Hills Tristan da Cunha,1964-09-17,277,Kizzy Phelps
Advanced Processing & Imaging,1237 States Expressway Hannibal Papua New Guinea,1952-04-18,190,Jonah Short
Fresh Start,520 Francisco Plantation Hattiesburg Albania,1980-05-13,282,James Brennan
Pro Garden Management,988 Julia Freeway Eastpointe France,1944-05-07,137,Tiffiny Langley
facebook,69 Otsego Terrace West New York Guatemala,1947-10-20,277,Margrett Burke
Monk Real Estate Service,27 Spears Bypass Adrian St. Barthélemy,1948-02-20,219,Saturnina Richmond
Silicon Image,466 Williar Path McAllen Brazil,1975-06-25,397,Veola Stout
Specific Appraisals,502 Gould Garden Nampa Western Sahara,1962-09-22,379,Cedrick Singleton
SkyWest Airlines,351 Leroy Nene Horn Lake Bermuda,1943-02-23,423,Samara Mendez
Borders Group,250 Pollard Concession road Sarasota Dominican Republic,1958-02-04,251,Aubrey Wilder
Motorola,894 Delancey Parkway Appleton Albania,1971-08-16,57,Telma Reilly
Solution Answers,1113 Mizpah Freeway Streamwood Greenland,1964-02-14,235,Travis Cabrera
"CA, Inc.",1081 Brewster Mews La Mesa Bermuda,1970-09-17,293,Nathaniel Castaneda
STX,600 Concourse Highway Seminole Comoros,1961-04-28,109,Karine Blanchard
Cartoon Network Studios,494 Belcher Green San Mateo Peru,1952-11-16,56,Tommye Stark
Gas Zone,95 Athens Row Greeley Niue,1956-02-16,346,Darius Meadows
Doculabs,1241 Moncada Green Cape Coral St. Kitts & Nevis,1944-01-15,495,Wes Lindsey
Boeing,705 Argonaut Gardens Yuma Jamaica,1956-11-17,282,Preston Aguilar
Emerson Electric Company,1289 Geneva Court Goodyear Vatican City,1969-01-27,445,Consuela Willis
CNA,1022 Del Monte Parkway Summerville Turkmenistan,1978-08-25,209,Yukiko Farrell
L.L.Bean,1332 Shotwell Highway Denton Fiji,1978-01-30,129,Daron Navarro
Devon Energy,655 Spears Side road St. Charles Panama,1945-06-18,343,Penni Bryan
Galaxy Man,381 Arch Field Woodbury Liberia,1940-06-28,368,Lashaunda Mccarty
Go Daddy,630 Harper Freeway Mequon Equatorial Guinea,1954-11-29,359,Courtney Slater
Hot Topic,662 Crown Concession road Hermosa Beach St. Martin,1964-04-16,131,Marco Vasquez
Honeywell,647 Gaven High Street Rio Rancho Montenegro,1944-06-16,182,Faustino Stark
Continental Airlines,1265 Golden Gate Freeway East St. Louis Nigeria,1976-11-29,186,Delora Welch
Adaptabiz,719 Head Sideline Hayward Cambodia,1966-01-20,285,Gala Hickman
Solution Answers,479 Rice Field Biddeford Kuwait,1967-10-03,471,Eddie Mcdonald
Marriott Corporation,407 Via Ferlinghetti Glen Lenexa Burkina Faso,1968-05-18,331,Marcelino George
Star Bright Investment Group,620 Saint Charles Grove Pittsburg Angola,1963-12-22,369,Dyan Robertson
