nickname,created_at,country,email,sex
Dhava_1841,2008-10-18T11:38:21Z,Puerto Rico,deflatable1897@yahoo.com,Other
DelightOlm_1993,2004-10-13T02:40:18Z,Sierra Leone,constructor1870@outlook.com,Male
Clairce1835,2017-06-22T09:31:22Z,Mozambique,hellion1977@gmail.com,Other
untightened.2034,2015-03-08T12:08:49Z,Solomon Islands,undersomething1859@yandex.com,Male
Sensated.2029,2005-08-14T20:02:27Z,Rwanda,spoonyism1850@gmail.com,Other
satirically1815,2013-05-22T09:21:47Z,Samoa,acrorhagus1952@protonmail.com,Male
MoggieAvailable_1802,2004-02-21T07:55:24Z,Brunei,adermia2002@protonmail.com,Female
gazelle-1947,2021-10-16T20:33:24Z,Uzbekistan,causes2034@outlook.com,Female
CobwebsAesthesodic-1820,2004-03-21T23:00:17Z,Senegal,amorim2047@live.com,Other
catharizing_1871,2018-03-21T02:14:04Z,Ireland,elberta2037@outlook.com,Male
vivers-1842,2020-02-21T18:59:09Z,Bangladesh,chroococcaceous1921@protonmail.com,Female
CordaitesSchizophrenic.1977,2017-12-02T02:35:54Z,Iceland,clairvoyants1834@outlook.com,Fluid
SuspectedSillago.1968,2015-09-05T16:29:46Z,Libya,woodcock1868@protonmail.com,Female
ThobVulture.1945,2021-10-05T10:13:52Z,Kazakhstan,cordoba1953@yandex.com,Male
overstridentness-2011,2008-03-20T01:40:30Z,San Marino,unframeable1803@live.com,Other
critter2025,2014-03-18T22:08:35Z,Hong Kong SAR China,erastus1863@protonmail.com,Other
CalcarAcephalous.1815,2006-06-25T08:43:06Z,Canary Islands,surreal2041@yahoo.com,Female
Orthocentre.1827,2018-05-24T15:32:09Z,United States,hippophagy2022@live.com,Fluid
Heartbird-1826,2006-03-13T22:08:21Z,Serbia,amaryllis1836@yahoo.com,Female
hiddenmost_1806,2002-01-28T03:48:43Z,Israel,scirocco1980@yahoo.com,Other
scalper2057,2007-04-16T09:30:07Z,Hong Kong SAR China,kingliest1963@protonmail.com,Fluid
Campbell-2037,2009-06-27T23:23:37Z,Turks & Caicos Islands,addendum2062@live.com,Fluid
Assistant-1874,2016-06-07T10:57:30Z,Tanzania,scintillator1862@protonmail.com,Other
caking.1812,2019-10-26T18:25:33Z,Mongolia,woodwaxen1883@live.com,Female
PekingeseBaccalaureate.1848,2016-05-22T23:50:11Z,Uganda,sailable1854@live.com,Female
Pronephros-2029,2002-07-29T06:09:56Z,Sri Lanka,angelship2067@outlook.com,Male
Ardys.1812,2005-10-27T09:03:15Z,Nicaragua,adriaan2019@outlook.com,Male
ameliorators_1996,2000-07-17T01:30:07Z,Algeria,atman1878@yahoo.com,Other
Orbitar-1957,2000-03-27T04:44:43Z,Bahamas,pulvinus1999@outlook.com,Other
pointer-2050,2011-03-21T22:47:31Z,St. Helena,bromid1894@outlook.com,Female
JostlerClone.1848,2020-05-05T10:42:31Z,Jamaica,cheapest1998@live.com,Male
Renascible_1810,2000-05-11T16:15:21Z,Israel,auricularia2038@gmail.com,Female
queenweed.2051,2000-09-17T02:12:54Z,Nepal,chameleons1864@protonmail.com,Female
BridgesVandalic.1932,2000-01-08T05:53:42Z,Martinique,alien2027@outlook.com,Other
BedlamiteBeshear_1958,2009-03-15T13:44:44Z,Cocos,tessera1926@outlook.com,Other
Vinylacetylene.1975,2001-03-04T14:58:40Z,Mauritania,benzalazine1884@live.com,Fluid
Casas-2003,2000-08-07T22:07:23Z,Dominica,wormer1859@gmail.com,Female
CastlesImboldening_1914,2008-08-31T02:45:05Z,Djibouti,tilled1935@protonmail.com,Male
VerbigerationCulinary_1956,2012-06-04T22:56:58Z,France,bulimia1852@protonmail.com,Fluid
CudgeledGreyhound.1898,2016-08-28T11:53:01Z,Lithuania,dissolubleness1902@yandex.com,Other
Gopher.1845,2003-08-10T12:06:55Z,St. Pierre & Miquelon,hadron2020@yahoo.com,Female
Anthelia.1917,2019-01-23T16:15:58Z,Brunei,carious1857@yandex.com,Female
PeacockAntsy_1881,2008-10-23T08:34:32Z,Poland,documented1855@yahoo.com,Male
slinking_2004,2011-12-18T18:52:41Z,Tonga,darics1801@live.com,Other
MisunderstandableCablet-1997,2011-03-17T01:22:13Z,Finland,puffin1828@live.com,Other
underproduction.1843,2014-11-30T14:26:11Z,Togo,agonizing2020@gmail.com,Male
Roorbach.1985,2001-08-13T19:44:12Z,Macedonia,wanton1926@yahoo.com,Fluid
skinkers.1864,2000-03-19T18:08:16Z,São Tomé & Príncipe,flattop1917@yahoo.com,Female
ImpiousCarambole-2057,2018-03-09T19:09:59Z,Christmas Island,hematite1921@yahoo.com,Other
rodolphus2029,2017-08-20T04:55:46Z,Namibia,comfortable2053@live.com,Fluid
BernadinExecuted.1979,2005-06-25T08:42:13Z,Liberia,amalgamation1931@yandex.com,Other
dispassioned-2000,2004-01-07T18:13:08Z,Morocco,aiding1812@gmail.com,Female
ModestlySplay_2037,2021-10-15T15:59:10Z,Latvia,erminia1965@yandex.com,Female
transplace.1827,2013-09-07T07:13:44Z,Montserrat,endeavours1867@protonmail.com,Male
Coranto1814,2001-03-01T03:41:17Z,Norway,belie1810@gmail.com,Other
Guarded2050,2017-08-14T17:13:25Z,Malta,cinerins2047@outlook.com,Male
ephialtes_1861,2014-08-04T18:10:33Z,São Tomé & Príncipe,chapfallen2006@gmail.com,Female
eagle.2008,2008-01-18T14:06:29Z,United Kingdom,ciscos1910@gmail.com,Female
fluyt_1949,2005-01-08T05:18:08Z,Congo - Brazzaville,camacho1838@protonmail.com,Female
Falchion.2031,2000-08-14T04:11:09Z,Montserrat,stylar1895@live.com,Other
Derelict2042,2016-07-18T16:45:07Z,South Korea,novcic1924@outlook.com,Other
Pyoses1921,2011-05-30T22:42:50Z,Jordan,aspic1916@protonmail.com,Fluid
Boyscout.1862,2011-11-08T06:41:07Z,Åland Islands,caron2037@yahoo.com,Male
arteries.1943,2021-08-06T00:54:48Z,Armenia,semiliquidity1803@yahoo.com,Fluid
Brothier_1939,2007-02-02T22:03:30Z,Mauritania,pantomime1924@protonmail.com,Female
confucius_1879,2007-08-03T17:56:51Z,Lithuania,buccan1880@yandex.com,Female
AirflowVotiveness_1899,2018-04-12T09:48:52Z,Brazil,glucose2041@yahoo.com,Female
humanitarianism1974,2011-01-10T16:25:59Z,Angola,angeleyes1981@yandex.com,Fluid
Cerulean-1811,2012-10-25T14:30:56Z,South Sudan,allowance1901@gmail.com,Other
ethnobotanic.1926,2005-01-06T22:39:52Z,Vanuatu,melangeur1881@gmail.com,Female
dingley_1922,2009-01-05T04:34:55Z,Bangladesh,cantaloupes1946@yandex.com,Other
StrumaticSpeechlessly_1984,2006-01-22T18:14:42Z,Azerbaijan,festellae1967@yandex.com,Fluid
cycloids_2050,2012-05-14T08:11:22Z,Singapore,ambitions2029@live.com,Fluid
eliminator1851,2018-03-24T07:09:28Z,Jamaica,dotted1879@outlook.com,Female
sigmodont.1813,2008-04-02T16:58:23Z,Jersey,akinesia1954@outlook.com,Male
AmstutzHeadship.1808,2016-01-16T10:19:03Z,Macedonia,allegri2057@outlook.com,Other
ForeordainingRajarshi.2013,2006-06-29T00:53:29Z,Micronesia,alvine1857@protonmail.com,Other
Faceman_1817,2016-11-30T22:50:59Z,Guatemala,rothesay2056@live.com,Other
ordanchite.1814,2000-01-14T08:16:29Z,Hong Kong SAR China,dingdonging1904@gmail.com,Male
Plote.1823,2012-01-25T02:33:10Z,Palau,underreader1889@live.com,Fluid
Erudition1941,2009-08-08T18:51:39Z,Central African Republic,anthracnose1900@outlook.com,Female
BlanchCurupira-1888,2020-07-28T14:51:37Z,South Korea,echard2028@yahoo.com,Fluid
Bookworm.2008,2003-12-05T23:10:30Z,Aruba,kerning2023@protonmail.com,Male
BaptistBommer.1940,2000-04-23T04:21:49Z,Czech Republic,oxeyes1936@yahoo.com,Female
Snop.2001,2021-08-29T11:58:02Z,Canary Islands,blowy2005@yahoo.com,Fluid
Bickford_1857,2017-09-03T01:05:49Z,U.S. Outlying Islands,clownery1926@yahoo.com,Fluid
HypergeometryPedlers-2042,2018-01-06T19:51:25Z,Bahamas,pilocystic1985@yandex.com,Fluid
Restlessness_1865,2004-03-10T11:26:42Z,Sri Lanka,analogue1853@outlook.com,Female
EmollientDominate-1928,2019-05-14T11:58:17Z,Congo - Brazzaville,trapezial2054@live.com,Female
Nebaliidae_1973,2015-11-14T14:18:47Z,Réunion,amit1835@protonmail.com,Female
Deifier.1834,2016-05-09T06:14:21Z,Fiji,orbitar1813@protonmail.com,Fluid
ordanchite1859,2009-09-13T23:44:35Z,Madagascar,disorganise1855@gmail.com,Male
Inviscid.2012,2016-11-04T10:58:39Z,Namibia,comart1945@yandex.com,Male
Extraorbitally_1864,2008-12-04T15:32:32Z,Portugal,switchers2059@protonmail.com,Other
MuleExhaustedness.1910,2012-01-16T08:00:34Z,Angola,ectozoans1841@protonmail.com,Female
AdmedialEnfeeblish.2014,2001-01-25T12:33:30Z,Taiwan,anilidic2006@yandex.com,Fluid
Alister_2004,2015-12-27T17:33:12Z,Falkland Islands,cise1854@live.com,Male
unstupid.1845,2005-03-07T13:51:46Z,Finland,lionfish1980@outlook.com,Female
unmercifully.1827,2002-07-11T19:31:34Z,Singapore,bloodlessly2018@gmail.com,Female
bloodhound2012,2017-07-08T09:14:08Z,Uruguay,cozen1929@outlook.com,Fluid
Electrified_2048,2016-04-08T06:03:40Z,French Southern Territories,julienite1937@live.com,Male
Embay-1808,2016-02-06T12:42:59Z,Caribbean Netherlands,protologist2020@outlook.com,Female
Vituperative-1989,2002-04-30T09:41:31Z,Sierra Leone,armado1915@outlook.com,Male
podial.1832,2018-07-24T08:00:45Z,Romania,coyote1881@live.com,Female
nonswimming.1868,2007-11-19T02:41:05Z,Nauru,pyrogenicity1936@outlook.com,Other
downs.1887,2002-04-10T13:47:47Z,Venezuela,anglesmith2009@gmail.com,Other
SkreelSourbellies_1989,2009-10-01T10:33:58Z,Qatar,aloed1824@yandex.com,Fluid
Stimulancy1808,2016-02-15T20:21:31Z,Thailand,inwall1953@live.com,Male
LabrusUndistinguished.1978,2018-02-19T03:05:47Z,Azerbaijan,hysterodynia1843@yandex.com,Fluid
SplendentAnnemari.1972,2019-01-04T14:10:48Z,Ghana,betumbled2004@outlook.com,Other
Tinkle2005,2010-03-13T23:32:40Z,Bahamas,betumbled1830@live.com,Male
CentrosomeCentric_1841,2014-09-09T15:04:27Z,Uganda,chavender2023@yahoo.com,Male
Methyl1888,2012-10-21T21:24:07Z,Belgium,compliant1992@live.com,Male
misreckoned-1902,2016-02-03T10:25:37Z,Guinea,heptarch1943@protonmail.com,Female
blotlessness1841,2018-03-15T05:11:58Z,Palau,larcenies2051@outlook.com,Other
carcass.1880,2018-06-05T15:57:54Z,Brazil,avenue2000@protonmail.com,Female
snail.1907,2011-10-30T01:20:41Z,Russia,automatic1903@gmail.com,Female
estherian-2029,2017-10-06T20:19:54Z,Guatemala,uninvigoratively2050@yahoo.com,Fluid
pantomime.1820,2009-10-15T01:14:00Z,Kyrgyzstan,jovicentrical1821@yahoo.com,Fluid
Propenes-1984,2012-03-02T18:58:20Z,Croatia,portrayal2020@yahoo.com,Female
Dehaan1816,2002-12-31T09:08:49Z,South Georgia & South Sandwich Islands,protomartyr1868@protonmail.com,Fluid
ProbondingRepercussively_2023,2011-02-15T07:55:39Z,British Virgin Islands,artemis2013@protonmail.com,Other
lease.1914,2007-09-14T15:19:23Z,Burkina Faso,cajuputs1864@protonmail.com,Male
Carted-1835,2017-09-09T00:21:19Z,Namibia,verdurer1927@yandex.com,Other
RodolphusVaucheriaceous.1834,2017-09-17T13:09:33Z,Mayotte,cise2009@yahoo.com,Male
AdmissionsSectored.2048,2008-01-09T18:25:25Z,British Indian Ocean Territory,bodymaking2023@yahoo.com,Female
aardvark.1852,2014-08-22T01:10:54Z,Canary Islands,curite1915@outlook.com,Other
DutuburiDebus_2058,2007-12-07T22:23:12Z,Portugal,nasociliary1975@live.com,Male
Unnestle1920,2019-11-29T03:16:52Z,Timor-Leste,proattendance1972@gmail.com,Female
Beachcomber_2063,2004-03-25T14:06:15Z,Nepal,gastrohysterorrhaphy1958@protonmail.com,Male
woodcock1905,2006-05-26T10:21:47Z,Luxembourg,miffs1942@outlook.com,Other
SupplenessOrthodox.1895,2019-04-02T18:39:09Z,Singapore,reasonable1839@yandex.com,Fluid
Spoonyism-1956,2003-02-23T17:36:23Z,Djibouti,cockled2057@yahoo.com,Female
SourishChotts-2065,2010-05-24T15:07:20Z,Fiji,unexplainableness1983@outlook.com,Fluid
cremant.1986,2000-02-25T18:55:06Z,Kyrgyzstan,shmaltzier1960@yandex.com,Fluid
cocaine_1915,2006-01-28T00:33:17Z,Tajikistan,consonance1852@yandex.com,Other
TilakArrivisme.2027,2018-07-05T09:42:25Z,Finland,invigoration1907@live.com,Female
IndriFastuousness-1997,2000-11-21T09:10:34Z,South Georgia & South Sandwich Islands,pinchback1949@gmail.com,Fluid
finch.1989,2011-09-12T06:24:07Z,Malaysia,smidgin1861@yahoo.com,Male
Dachshund_2004,2005-03-25T15:49:06Z,Nepal,remarry1851@outlook.com,Male
bluely.2016,2004-07-17T12:02:48Z,Latvia,earmark2051@live.com,Other
emmey1891,2017-01-03T17:00:44Z,Brunei,fagan1936@protonmail.com,Female
MonasteryAnteater.1948,2008-06-05T20:41:56Z,Algeria,fers1805@yandex.com,Fluid
Aitch_1868,2006-07-06T01:25:04Z,Bermuda,papillon1959@yandex.com,Other
horseheads1806,2011-06-06T11:14:39Z,Malta,rhythmically2063@yahoo.com,Other
hypotrophy-2006,2013-03-19T00:29:33Z,Åland Islands,desistance1934@outlook.com,Fluid
BromidAddicted.2052,2012-05-30T22:06:17Z,Algeria,carlet1943@live.com,Male
DisplayChakras.1910,2006-06-12T23:24:44Z,U.S. Outlying Islands,chappy1842@yahoo.com,Female
ragger_1969,2010-10-24T15:45:00Z,Grenada,mixers1844@live.com,Other
Cruise_1855,2011-07-03T23:55:40Z,Norfolk Island,outbargains2032@live.com,Other
biotech-1974,2006-11-10T07:59:05Z,Cuba,twinkled1982@yahoo.com,Other
Cottontail.2042,2013-08-14T03:06:51Z,Madagascar,euktolite1806@gmail.com,Other
Quizzify-2002,2018-02-26T06:30:11Z,Tanzania,chouser1813@live.com,Other
DiagnoseSnobby-1973,2021-02-10T10:50:20Z,Kenya,ayukawa2040@protonmail.com,Female
Cohesion-1906,2005-02-17T12:50:59Z,Luxembourg,reimpregnating1955@yahoo.com,Female
Brims-1963,2005-03-22T06:49:40Z,Sudan,astrologistic1845@live.com,Fluid
squibling-1940,2011-08-29T17:21:35Z,Morocco,palmiped1867@gmail.com,Fluid
dustuck-2020,2005-06-28T22:50:31Z,Canary Islands,aitch1820@outlook.com,Other
Quassiin1863,2013-05-18T07:16:32Z,St. Barthélemy,escalus1880@yandex.com,Fluid
RiotiseDapped_2064,2012-02-09T14:59:51Z,Diego Garcia,avestan2026@yandex.com,Female
TemporooccipitalInviscidity_1920,2010-09-08T19:39:44Z,Tanzania,danceable1999@protonmail.com,Male
curite.1945,2005-09-10T12:13:18Z,Switzerland,lemur1927@yahoo.com,Other
Devoir-2042,2003-11-05T22:58:35Z,Ukraine,semiorb1821@live.com,Male
SurroundedScoop.1825,2007-02-03T22:03:57Z,South Georgia & South Sandwich Islands,vodkas1899@outlook.com,Female
Septenate.1866,2010-02-04T05:00:56Z,Armenia,adiana1970@live.com,Other
conger-2049,2019-03-12T14:34:07Z,Antigua & Barbuda,moggie1976@yahoo.com,Female
DockyardsQuackster_1915,2015-04-06T10:21:59Z,Antarctica,overarching1897@outlook.com,Other
cypselous.1969,2010-09-21T20:25:03Z,El Salvador,serratospinose1833@gmail.com,Other
silhouette-1884,2010-10-14T16:41:08Z,Benin,cusick1832@yandex.com,Fluid
BourgeoisBaghdadi-1890,2006-04-23T17:53:05Z,Laos,candida1972@yahoo.com,Fluid
CambrianBurley_1872,2005-08-03T13:28:34Z,Tunisia,enriquet2021@gmail.com,Fluid
quintefoil.2027,2002-08-20T05:12:07Z,Slovakia,contradiction1831@gmail.com,Fluid
blunter.2065,2008-12-23T00:54:51Z,Egypt,afloat1974@yahoo.com,Female
Undercarter.1975,2004-09-16T06:11:54Z,Vatican City,kinkajou1863@gmail.com,Fluid
filmer2062,2017-10-06T18:19:44Z,Sint Maarten,arethusa1865@protonmail.com,Other
insaneness-1997,2006-10-21T03:04:32Z,South Georgia & South Sandwich Islands,unbiblical2060@live.com,Other
choler1907,2007-10-28T11:53:10Z,Belgium,novcic1956@yahoo.com,Female
Overclamor.1984,2019-02-25T14:55:58Z,Niue,toprail1883@yandex.com,Fluid
VideotapeDhava-1821,2010-07-20T19:42:03Z,Tajikistan,biabo1842@yahoo.com,Male
InsularAzoturias.1918,2019-02-01T12:55:54Z,Kuwait,moralistic1989@protonmail.com,Female
cantoral.1908,2009-03-18T04:14:31Z,Italy,gar1988@yandex.com,Other
apropos-1849,2008-03-20T05:31:00Z,Congo - Kinshasa,ceriel1936@live.com,Male
PooledMalices.1847,2017-09-15T16:16:08Z,Qatar,cantalas1989@protonmail.com,Male
thimblerigger.2070,2007-01-01T18:41:56Z,Micronesia,abele1993@outlook.com,Fluid
chimu.1960,2008-01-16T13:48:36Z,Equatorial Guinea,aerobatics1882@yandex.com,Female
Embay1874,2015-10-21T07:42:52Z,Hong Kong SAR China,shirtdress1831@protonmail.com,Other
spice1821,2010-06-21T14:40:23Z,Sierra Leone,tiptoppishness2045@protonmail.com,Female
nonoccurrence.1903,2010-06-22T19:25:31Z,Mali,drumlin1881@outlook.com,Other
ruthlessness_1837,2007-04-05T20:07:14Z,Denmark,codeless1863@gmail.com,Female
forrard1962,2004-10-27T08:30:35Z,Colombia,architeuthis1805@outlook.com,Other
Pantheistical1940,2021-01-19T12:55:29Z,Papua New Guinea,perfusate2025@live.com,Male
pregustic-2010,2006-10-11T05:14:19Z,Palestinian Territories,recycled1824@protonmail.com,Other
Apartness2035,2019-08-04T04:50:20Z,New Caledonia,nonesthetic1908@protonmail.com,Other
endotropic-1860,2017-12-12T03:45:35Z,Hungary,sphenoidal1989@yahoo.com,Fluid
Unalterable1819,2009-09-17T15:46:50Z,Nauru,isopoda1934@live.com,Female
BraddockGummers-1815,2010-12-22T08:14:28Z,Djibouti,seise1824@protonmail.com,Other
scouth-1886,2020-12-25T06:18:38Z,Syria,hadron1983@live.com,Male
legate1852,2008-09-04T01:06:42Z,Bangladesh,turnsoles1891@yahoo.com,Other
cenozoic.2044,2007-11-01T17:50:19Z,Saudi Arabia,pulselessness1915@outlook.com,Fluid
Altitudes1984,2017-07-29T01:52:36Z,Turkey,conserver1824@protonmail.com,Female
PsychodispositionalHeterotricha.1962,2020-08-11T11:07:06Z,American Samoa,consciences1997@protonmail.com,Fluid
Molluscans-2014,2011-07-02T18:58:38Z,St. Lucia,ashlar2044@outlook.com,Other
tailcoat2008,2002-06-25T17:02:14Z,St. Helena,subcurate2056@outlook.com,Other
Relaxing.1827,2005-05-24T23:13:58Z,Egypt,alveolarly2018@live.com,Female
acanth_1817,2005-04-10T15:12:43Z,San Marino,foreordaining1934@protonmail.com,Fluid
Smidgin-1975,2003-01-07T02:13:27Z,Liberia,unmanageably2058@yahoo.com,Fluid
Afterfuture.2053,2017-04-22T13:16:53Z,San Marino,tropidoleptus1992@live.com,Fluid
racker.1818,2008-09-28T18:18:56Z,Norfolk Island,neanderthal1843@yandex.com,Fluid
passalid1875,2017-04-22T13:04:30Z,Tanzania,bhima2038@live.com,Fluid
bilbo-1991,2006-10-14T16:59:11Z,Austria,section1882@gmail.com,Female
Aluta_2028,2017-08-18T08:51:23Z,Macau SAR China,dunsmore1955@protonmail.com,Fluid
AnnonceDownstreet_1978,2020-04-05T16:00:13Z,Rwanda,scrod1830@outlook.com,Female
Chasing1919,2021-04-16T03:39:00Z,Poland,darics2048@gmail.com,Other
climber1995,2019-12-12T22:51:54Z,Armenia,restrict1919@gmail.com,Female
LemonCathole-2036,2013-05-30T13:00:04Z,Netherlands,bogert1878@gmail.com,Fluid
Suprachorioidal.2062,2014-02-28T06:45:30Z,Sudan,mule1921@live.com,Other
ArbelShrimp.1968,2006-09-08T15:24:31Z,Italy,winkingly1952@protonmail.com,Fluid
bullocks2034,2008-11-19T23:31:43Z,Gabon,didie1891@gmail.com,Female
sideburns1918,2013-12-25T01:42:41Z,Mauritania,undoubling2015@protonmail.com,Female
HippophagyDetour.1989,2021-06-21T09:20:29Z,Solomon Islands,dives1933@live.com,Fluid
greengage-2027,2019-07-26T16:34:08Z,Tanzania,predeciding1846@yandex.com,Other
Aardvark.1835,2010-10-11T22:20:03Z,Mayotte,defensor1814@protonmail.com,Female
actually_1986,2000-03-07T00:29:30Z,Venezuela,sparerib1906@yahoo.com,Other
arvin1890,2009-08-29T08:16:34Z,Liberia,monotrochian1834@yandex.com,Fluid
insuree.2004,2019-09-25T02:09:38Z,Palau,severality1844@live.com,Male
Apodeictical1927,2020-10-04T21:41:08Z,Jordan,dunder1869@protonmail.com,Female
Quantifiers-1851,2019-11-08T11:31:41Z,Zimbabwe,alterant1899@yandex.com,Fluid
belanda.1900,2012-09-30T09:09:42Z,Sudan,caseloads1920@protonmail.com,Other
GroundsheetCastles_1993,2008-02-23T23:00:05Z,Falkland Islands,evzone2062@yandex.com,Other
AggressiveSchoolbookish.2004,2006-11-22T10:16:07Z,Serbia,desirae1984@protonmail.com,Female
Remittances-1944,2004-01-02T00:30:53Z,Iran,ayukawa1818@gmail.com,Fluid
riced-1850,2015-10-07T00:52:01Z,Slovakia,multibreak1953@gmail.com,Female
OrthostaticAmylan.1898,2000-10-08T13:22:54Z,Palau,skewbacked1800@protonmail.com,Female
acetaminol-1967,2002-03-03T18:10:40Z,Mayotte,bathe1946@yandex.com,Female
Scabs-2034,2001-04-20T16:12:52Z,Japan,cecon1929@protonmail.com,Male
echidna.2027,2004-11-03T16:10:18Z,Morocco,confection2036@outlook.com,Female
MalpracticeAbounding.1840,2005-08-01T13:17:03Z,Bulgaria,abele1831@yandex.com,Fluid
AmorphiaCaracal_1842,2012-05-05T12:12:34Z,Poland,hardline1828@live.com,Female
Hydroscopicity.2042,2008-03-06T08:55:46Z,Mauritius,vinylacetylene2058@outlook.com,Fluid
IntegrateInvigoration-1857,2016-09-23T09:37:07Z,Papua New Guinea,chloropalladic1967@outlook.com,Male
Planetologic.2036,2012-04-14T04:30:33Z,Slovakia,azuma1899@yahoo.com,Fluid
UndistinguishedMyrmecoid_2008,2012-09-09T10:36:02Z,Iran,alpaca2003@yahoo.com,Fluid
TelegramsTheropod_1960,2019-11-21T04:29:13Z,Ceuta & Melilla,credenza1845@outlook.com,Other
Abridged1858,2010-08-13T07:11:13Z,Myanmar,bugbear1827@yahoo.com,Female
ArleyAugurs-1927,2007-07-03T03:08:46Z,Antigua & Barbuda,tiffany1981@gmail.com,Male
Undermined.1952,2001-06-18T14:52:00Z,Bosnia & Herzegovina,steric1896@yahoo.com,Fluid
Cutesy.1848,2012-07-24T05:33:03Z,Madagascar,bitton1946@outlook.com,Male
stoper1951,2015-12-12T02:29:57Z,Montserrat,supergeneric1946@live.com,Other
byroad_1936,2017-12-30T09:53:37Z,Saudi Arabia,argument1970@yandex.com,Fluid
RunnionInstructorless-1862,2007-05-11T06:11:21Z,Comoros,dichter1955@yandex.com,Female
AldusScapulopexy-1994,2007-11-08T03:49:16Z,Luxembourg,foreknowable1878@yahoo.com,Fluid
detlev1903,2005-04-08T05:44:25Z,Pakistan,aliens1918@protonmail.com,Female
Addicted.2063,2016-08-29T18:10:02Z,Réunion,tabid2038@protonmail.com,Fluid
trichloromethane_1897,2019-06-10T21:40:12Z,Bermuda,alcindor1851@gmail.com,Female
CarlettPretranscription.1936,2012-09-22T02:05:10Z,Monaco,sensatory2066@gmail.com,Other
AvouchViceless-1841,2007-03-26T07:56:22Z,United States,facer2041@outlook.com,Male
UnpurchasableBarkery-1879,2003-10-26T07:30:39Z,Mongolia,avigdor1988@live.com,Male
Baldric_2025,2011-04-18T16:19:50Z,Bulgaria,deuterostomata1828@yahoo.com,Fluid
BelandBryanism_1976,2003-06-29T20:39:25Z,Guam,monotheistically2022@yahoo.com,Other
Tuatara-1855,2004-08-21T04:59:07Z,Palau,jellyfish1812@live.com,Female
retort.1981,2013-05-03T19:55:40Z,Angola,brynn1964@protonmail.com,Fluid
contrafagotto_2012,2008-03-23T15:21:39Z,British Virgin Islands,polyrhythm1993@gmail.com,Male
CathedralsWakerife.2057,2003-06-11T21:27:51Z,Macau SAR China,damaris1920@gmail.com,Male
Histotrophic-1837,2021-01-19T04:53:38Z,Ukraine,echidna2067@outlook.com,Male
SyzygeticSketch.1914,2017-05-21T18:42:19Z,Central African Republic,cheryl2009@gmail.com,Male
Snorkeling1906,2001-07-28T08:08:29Z,Central African Republic,interpretive1842@yahoo.com,Male
navaids.1961,2013-04-30T06:34:23Z,North Korea,procline1937@outlook.com,Other
Tiffany-2057,2000-06-23T18:37:10Z,Nauru,unfickle1894@protonmail.com,Male
molybdite_1909,2010-08-01T23:03:33Z,Sudan,deprogramming1854@outlook.com,Fluid
anisodactyle-1827,2000-03-26T19:56:29Z,St. Kitts & Nevis,adventuring2027@protonmail.com,Male
Cruche-1950,2019-06-14T00:31:59Z,Haiti,diena2000@yandex.com,Other
durovic.1811,2002-09-21T23:27:37Z,Denmark,countenancing2056@live.com,Fluid
Nace.1918,2014-03-12T01:05:39Z,Mali,brainwasher2069@yandex.com,Male
ToposCamden-1964,2008-10-03T18:52:53Z,Mauritania,conceder1802@yahoo.com,Female
JovicentricalNonincriminating.1903,2009-12-10T08:22:35Z,St. Lucia,carmina1853@gmail.com,Male
freemen.2000,2005-03-21T08:40:34Z,Netherlands,mediatorial1895@gmail.com,Female
chemotherapeutics_1874,2014-08-10T23:11:46Z,Suriname,dextro2013@yandex.com,Fluid
vertebras1912,2005-08-08T05:11:45Z,Grenada,illano1985@gmail.com,Female
contemptuous_1847,2018-04-11T10:25:35Z,Mexico,harrier1802@protonmail.com,Other
Chunmei-1888,2005-12-29T16:28:55Z,Benin,monstrosities2067@gmail.com,Fluid
UnalteringJurisprudentially-1886,2004-01-25T10:22:13Z,Eritrea,akita1906@protonmail.com,Male
Assays.1892,2010-12-10T06:20:13Z,St. Barthélemy,alkoxid2021@protonmail.com,Fluid
Excalibur2062,2012-06-26T06:41:47Z,Trinidad & Tobago,average1937@yahoo.com,Male
ImplyExcoriation-1961,2013-02-21T06:28:19Z,Kazakhstan,nonangling2053@protonmail.com,Fluid
PhoneticalOutlivers-1809,2020-05-09T07:52:07Z,Burkina Faso,martensitic2013@yandex.com,Fluid
ExecutantExordia_1945,2007-05-13T05:13:19Z,Finland,fairish1835@outlook.com,Female
ThroneDivots.1867,2002-09-12T05:18:44Z,Congo - Brazzaville,trination1822@yahoo.com,Fluid
tuner.1873,2016-04-06T16:46:08Z,Egypt,pelican1982@gmail.com,Other
adventurer-1848,2020-10-10T08:57:55Z,El Salvador,synascidian1858@yahoo.com,Fluid
PerturbationHumidified-1800,2001-01-03T15:19:24Z,Cambodia,celsius2028@yandex.com,Fluid
AbbotshipsZapateo-1989,2010-12-23T19:29:40Z,New Zealand,desolates1912@outlook.com,Male
Antuan.1904,2003-06-24T08:04:24Z,Cambodia,creamier1932@yahoo.com,Male
cougar.1898,2018-04-14T03:06:09Z,Ecuador,penning1985@yahoo.com,Male
boatly2046,2004-02-28T05:15:26Z,Uruguay,magistral2054@outlook.com,Other
mastoid_2042,2016-10-21T04:05:41Z,Oman,bagdad1951@protonmail.com,Other
Champertor1960,2014-04-08T17:45:15Z,Lebanon,pianograph1836@gmail.com,Male
unstrict-1904,2015-04-25T00:37:40Z,St. Pierre & Miquelon,restipulatory1868@yahoo.com,Other
UnknotsKinkajou_1812,2009-12-18T14:32:43Z,Yemen,downtown1939@live.com,Female
byrnie1984,2021-03-04T00:41:48Z,Albania,chaplin1888@outlook.com,Other
EffectibleCornual.1811,2001-08-10T16:02:41Z,Anguilla,chine2035@yahoo.com,Male
Barkery1883,2011-01-14T05:03:30Z,Grenada,polychromate2025@yahoo.com,Male
DentinMose-2006,2005-11-25T14:53:45Z,Dominican Republic,meteorology2035@protonmail.com,Female
blacktongue2033,2013-08-10T18:21:39Z,Niue,taunting1911@live.com,Fluid
Crocodile_2029,2008-03-01T09:42:58Z,Greece,sixteenths2041@gmail.com,Female
Lariated-1801,2003-06-05T13:37:57Z,Cayman Islands,exaggerating1882@yahoo.com,Fluid
DecubitusUnebriate_1990,2018-08-29T02:02:55Z,Bosnia & Herzegovina,lobations1849@gmail.com,Male
deliquescent1816,2013-11-21T22:47:13Z,South Korea,chinho2042@live.com,Other
pyrogenicity.1853,2012-09-09T07:01:07Z,Diego Garcia,winters1884@protonmail.com,Fluid
abridged-2028,2009-02-13T04:00:40Z,Guadeloupe,gargantuan1873@protonmail.com,Other
basiophthalmite2023,2017-03-20T11:35:47Z,Lesotho,torpor1875@live.com,Male
impala-2025,2014-08-26T04:18:17Z,Belarus,astor1905@yahoo.com,Male
coccids-2051,2015-12-03T15:32:17Z,Albania,dullhead1959@gmail.com,Male
Depravities_1849,2010-10-02T01:38:41Z,Vatican City,actiniochrome2012@gmail.com,Other
unnestle.2015,2005-01-08T16:42:35Z,Macedonia,epurate2050@protonmail.com,Female
Cushily_1995,2008-12-17T08:02:30Z,Jamaica,semiorb1821@gmail.com,Fluid
DockenCreatine-1876,2014-11-01T21:11:05Z,Tuvalu,carnell1942@yahoo.com,Female
trainbearer2053,2011-10-13T13:41:05Z,Morocco,scorching1981@outlook.com,Other
SpeculatePantheistical-1937,2003-03-07T08:53:45Z,Comoros,bonita1903@outlook.com,Female
UninspiredMixers.1937,2005-01-08T12:33:05Z,Nauru,cerebropedal1877@protonmail.com,Male
Overstridentness.1970,2005-10-01T20:34:19Z,Chad,kooks2024@yandex.com,Fluid
bajury.1832,2019-09-28T10:18:07Z,Ascension Island,brooklyn1930@gmail.com,Female
nongaseous-2040,2013-08-26T15:37:22Z,Tristan da Cunha,nonexpeditiousness1847@yandex.com,Male
console-1830,2003-04-04T05:07:46Z,Solomon Islands,benzein1811@outlook.com,Female
ReflectionAntisun.2014,2018-01-20T10:09:20Z,Brazil,explosion1994@protonmail.com,Male
Unniceness1953,2018-11-21T13:38:52Z,San Marino,ultrasonic1937@gmail.com,Female
nonoccurrence.1889,2007-12-13T02:35:15Z,Martinique,brusque1914@outlook.com,Fluid
Arbel_2027,2014-06-02T03:22:27Z,Uruguay,immethodicalness1990@outlook.com,Fluid
larruped-1944,2009-11-21T21:06:25Z,Côte d’Ivoire,burstones1960@outlook.com,Fluid
donohue.1839,2021-04-27T11:40:59Z,Morocco,dirigent2059@protonmail.com,Other
Scintillator-2009,2007-09-04T11:38:20Z,Brazil,bernadette1928@protonmail.com,Other
Cathole.1848,2012-02-19T11:04:25Z,Tanzania,chancery1887@live.com,Other
Unfeignedness-1995,2001-01-06T03:56:48Z,Côte d’Ivoire,unicapsular2046@outlook.com,Other
spaller1987,2005-11-13T20:53:51Z,Curaçao,donica1880@live.com,Fluid
cruth_1893,2012-07-28T17:16:38Z,Azerbaijan,unsanitation1843@protonmail.com,Male
budgerigar-2006,2010-08-27T08:13:12Z,Turkey,boards2003@live.com,Fluid
Sweatband-1893,2018-05-10T17:23:22Z,St. Vincent & Grenadines,politics2058@yahoo.com,Female
deena.1958,2017-11-16T20:53:58Z,Gabon,anemone1805@gmail.com,Female
inthralled-2064,2003-06-06T13:44:54Z,Christmas Island,pedicab1810@live.com,Fluid
Weld.1928,2014-12-17T03:54:06Z,Monaco,cauchy1954@yandex.com,Other
crony-1817,2020-09-20T13:58:23Z,Slovakia,proattendance1896@yahoo.com,Other
quintefoil.1819,2002-08-12T16:23:55Z,Angola,flycatcher1913@yandex.com,Male
newt_1971,2020-12-21T18:42:05Z,Venezuela,qqv1923@outlook.com,Fluid
Eleonorite-1951,2008-01-02T23:17:00Z,Pakistan,detin1993@yahoo.com,Male
mowrah1898,2007-04-15T03:46:50Z,Belarus,solitude1921@protonmail.com,Fluid
wampum_1930,2018-05-28T15:10:46Z,Réunion,haters1996@outlook.com,Male
RatiocinatorCod_2051,2010-07-13T08:51:08Z,Argentina,nebula1878@yandex.com,Other
answers1926,2002-12-18T08:51:20Z,Ceuta & Melilla,lollygag1950@yandex.com,Male
cadwal_2040,2018-06-02T22:58:27Z,Guam,admirable1873@outlook.com,Other
Banda1989,2002-11-29T06:46:35Z,Italy,spiderling2059@protonmail.com,Fluid
Regularity1864,2013-10-14T07:51:15Z,Afghanistan,daaboul1883@yandex.com,Fluid
jaborin.2008,2007-06-16T15:09:53Z,Somalia,discriminant1897@outlook.com,Fluid
BridgesCompatibilities-1902,2013-12-10T06:03:17Z,South Korea,findings1961@live.com,Male
VivaNephology.2067,2019-02-15T02:20:12Z,Sint Maarten,boldface2004@outlook.com,Other
HereinabovePony-1889,2004-07-05T20:05:05Z,Vatican City,wichtisite1897@live.com,Other
Absolute1998,2008-02-18T21:04:54Z,Ethiopia,friseur2030@live.com,Male
BrynnStele.2027,2008-09-15T19:23:47Z,South Africa,visionariness1874@outlook.com,Female
bathe.1975,2009-03-05T17:22:10Z,Macau SAR China,abele1977@protonmail.com,Other
Credendum-2035,2010-09-11T15:56:05Z,Hungary,salar1983@gmail.com,Fluid
anesthetize-2066,2001-09-06T21:25:37Z,Svalbard & Jan Mayen,epical2001@yandex.com,Female
CordobaZanza_1929,2021-04-22T01:24:43Z,Myanmar,bealle1815@live.com,Other
Heth2066,2015-03-14T06:52:21Z,Congo - Kinshasa,esclavage1839@live.com,Fluid
Borsht1828,2000-04-22T17:44:24Z,Mauritania,webster1970@protonmail.com,Male
thermostat.1991,2021-02-25T21:16:56Z,Micronesia,solver1994@gmail.com,Female
Utriculariaceae1955,2006-12-26T02:55:10Z,Qatar,prowling2046@protonmail.com,Other
CangleEtymologised-2006,2005-03-20T21:35:19Z,Guinea,woodenweary2055@gmail.com,Male
Caplin1829,2007-09-08T09:54:04Z,Honduras,agalloch1977@live.com,Other
TootleArlyn.1854,2004-12-11T14:07:22Z,Micronesia,prosobranch1914@yahoo.com,Male
Arbores1942,2015-11-22T15:31:31Z,Lebanon,bouncy2011@outlook.com,Other
Launce_1937,2002-08-05T02:43:22Z,Niger,wren2050@gmail.com,Fluid
Sorest.1813,2017-12-14T12:11:10Z,Ascension Island,misnomer1962@protonmail.com,Other
duckies_1856,2011-01-12T03:04:57Z,Ascension Island,dropsy1883@gmail.com,Female
BurleySoaplees-1849,2011-12-18T03:13:53Z,Romania,dilated1800@protonmail.com,Other
cassady2019,2004-08-26T10:26:15Z,Uzbekistan,revetoed1925@live.com,Male
Compunction_1834,2019-08-23T00:44:15Z,Norfolk Island,spaller1926@gmail.com,Female
Undiscernibly.2040,2003-12-12T01:22:23Z,Cayman Islands,unjamming1951@protonmail.com,Other
calcutta.1865,2014-09-14T12:23:22Z,Armenia,aberrant1999@protonmail.com,Other
artaba2027,2011-02-21T03:34:06Z,Lithuania,extravert1994@yahoo.com,Female
Hippidium1893,2001-12-09T20:10:36Z,Bahrain,bernice2064@gmail.com,Male
DaphnaLipomas_1831,2016-03-05T06:31:40Z,New Zealand,jewish1900@yahoo.com,Male
koala.1836,2007-12-05T22:49:51Z,Equatorial Guinea,dingdonging1944@live.com,Female
hadron.1804,2016-05-26T17:38:24Z,Curaçao,babyface2003@yandex.com,Fluid
SubpatronessCredenza.1814,2008-10-31T22:24:54Z,Mongolia,rhinoceros1978@gmail.com,Other
IndexGroundsheet_1891,2015-01-29T12:14:24Z,Bhutan,horometry2041@yandex.com,Fluid
palaearctic.1821,2012-06-28T09:46:57Z,Spain,imprimaturs1942@protonmail.com,Female
Phthalein-1919,2020-09-02T21:56:14Z,Barbados,azoturias1872@gmail.com,Female
Antivirus_1978,2016-02-05T01:21:00Z,Marshall Islands,allthing1920@gmail.com,Other
woodcrafty-1932,2020-12-17T03:59:46Z,Réunion,veddoid1975@outlook.com,Female
salangid.1903,2021-11-30T19:49:06Z,Congo - Brazzaville,anthropos1893@yandex.com,Other
Pronephros-2034,2012-05-15T03:05:19Z,Vietnam,sophies1882@gmail.com,Other
Delila1898,2018-05-04T15:46:34Z,Bosnia & Herzegovina,grasper1871@yahoo.com,Female
alcindor-1962,2007-08-12T20:30:51Z,Costa Rica,gritstone1814@yandex.com,Male
thorax.1992,2004-01-15T11:59:32Z,Palestinian Territories,collard1899@live.com,Male
lobations2064,2010-12-03T01:12:23Z,Sierra Leone,nasi2034@outlook.com,Male
trination1820,2020-02-01T01:31:58Z,Tokelau,bullhorn1989@yahoo.com,Male
charmeuse.1914,2015-09-05T04:37:40Z,United Kingdom,educable2047@yandex.com,Female
earring.1999,2004-08-28T07:58:49Z,Micronesia,cow2058@live.com,Fluid
Invised-1859,2017-09-25T15:47:45Z,Tajikistan,addendum1989@yandex.com,Fluid
DemarchBriolettes_1920,2019-02-22T20:13:19Z,Turkmenistan,scraps1921@protonmail.com,Male
CeruleumTennists_1990,2013-09-22T05:59:34Z,Sudan,ethenyl1922@yandex.com,Other
medical.1964,2015-07-17T16:10:49Z,Kosovo,tariff1979@protonmail.com,Male
AnthracnoseHavocs.1922,2009-12-02T04:04:33Z,Åland Islands,dobras1856@outlook.com,Fluid
AngelfishForeknowable_1834,2007-09-06T21:25:47Z,San Marino,angelate1986@yahoo.com,Male
dubose_1972,2010-06-24T19:27:51Z,Serbia,asleep1863@yandex.com,Other
CatieNoblify_2066,2007-10-21T06:47:27Z,Croatia,anvil1954@live.com,Fluid
DivestScurfiness_1847,2011-07-23T06:12:06Z,Barbados,earwig1840@yandex.com,Other
superstardom-1934,2015-02-05T22:24:24Z,French Polynesia,magpie1962@live.com,Male
Groundskeep1809,2001-02-01T05:42:51Z,Liechtenstein,dumas1818@yandex.com,Other
dresser-1877,2012-07-11T07:02:34Z,Croatia,chemistry1921@outlook.com,Male
jungles.1834,2019-02-15T21:55:29Z,Honduras,cronet1857@yandex.com,Male
therblig_1833,2004-08-16T19:01:32Z,Pitcairn Islands,peculiarizing1897@live.com,Other
Harpoonlike-1897,2006-06-14T13:27:19Z,Niue,pocketful1918@gmail.com,Fluid
ostrich1995,2016-12-17T07:15:51Z,Cape Verde,areopagite1911@yahoo.com,Male
CambridgeExponent-1884,2009-03-24T05:15:40Z,Kiribati,esparto1836@yandex.com,Other
NobelistSilverwood_1803,2000-09-01T17:47:19Z,São Tomé & Príncipe,enkidu2036@outlook.com,Fluid
abucco_1813,2006-07-05T04:49:51Z,Russia,coghlan1943@yahoo.com,Other
Boldface-1929,2021-03-31T10:17:42Z,Colombia,antsier1947@outlook.com,Male
Compose_1978,2010-07-30T17:22:52Z,Kosovo,surrounded1881@yahoo.com,Female
Misenters.1812,2011-03-21T03:53:35Z,Sri Lanka,didactic2026@yandex.com,Fluid
bijan.2037,2003-12-04T22:38:15Z,Mauritania,airish1891@live.com,Female
Anasa.1849,2003-02-24T00:01:11Z,Costa Rica,dauties2029@yahoo.com,Other
Tawer.1913,2002-12-02T06:53:36Z,South Africa,hysterodynia1873@outlook.com,Fluid
atique_1913,2006-07-28T14:11:23Z,Lesotho,chameleon2019@yandex.com,Female
Hiatus.1968,2018-01-14T04:28:29Z,France,levotartaric1896@live.com,Male
CatalysisAnthems_1937,2008-12-26T09:04:36Z,Micronesia,brune1920@live.com,Fluid
jewish-1879,2015-09-11T09:07:12Z,Luxembourg,citrons1980@yandex.com,Fluid
ThimbleriggerThrone.1902,2002-05-02T00:17:20Z,Mauritius,skeptics2050@yahoo.com,Female
TammiesEyeglasses_1968,2005-12-22T01:29:52Z,Moldova,montrachet1806@gmail.com,Other
HubristicAnhedonia-1952,2006-10-16T09:46:20Z,Hungary,tuke1878@yahoo.com,Other
dined.1900,2007-11-13T21:19:17Z,Costa Rica,atman1970@yandex.com,Male
coventries.2046,2004-09-20T12:36:14Z,Niue,imagining1825@gmail.com,Female
Rudimentary.1911,2018-09-09T10:45:41Z,Vanuatu,carlyle2065@live.com,Male
BernadinCeratins_1976,2008-09-10T12:15:47Z,Djibouti,flamingos1983@yandex.com,Male
NidusBenni-1980,2013-08-07T02:28:07Z,Chad,costarred1982@outlook.com,Other
concordancy.2049,2019-09-18T19:20:29Z,United States,stiffish1908@outlook.com,Male
imprejudice.1939,2011-09-27T05:20:56Z,Vanuatu,quoll1827@outlook.com,Fluid
Birdseed2018,2021-03-06T14:14:19Z,Zambia,throuch1803@protonmail.com,Other
synaxes1858,2020-12-10T10:13:51Z,Ukraine,phthalein1867@yahoo.com,Fluid
DeathyAssistant-1984,2018-03-02T06:01:48Z,Gambia,impala2013@yahoo.com,Other
Edifier.1864,2018-06-05T08:58:39Z,United States,periangioma1930@gmail.com,Female
ForrardPrivater-1989,2004-06-15T22:55:50Z,Switzerland,acclimatise1805@gmail.com,Female
monadiform1911,2021-02-14T15:35:31Z,Faroe Islands,nickers1959@outlook.com,Other
Kiwifruit_1886,2001-09-10T20:05:47Z,Switzerland,boars1845@protonmail.com,Female
LemmingRandir.1832,2000-06-09T17:13:19Z,Philippines,cosimo2027@protonmail.com,Female
Penstemon.1859,2014-02-27T04:54:10Z,Russia,anatolic1900@yandex.com,Other
ceibo.2059,2010-04-23T08:50:15Z,Australia,disquantity1957@protonmail.com,Male
Bedlamic-1892,2015-02-08T16:19:46Z,Kyrgyzstan,originally1992@gmail.com,Male
UnsaturationEniac_1988,2006-09-21T19:34:56Z,Grenada,letdown1819@live.com,Male
FactoDetin.1992,2018-03-25T14:46:09Z,South Georgia & South Sandwich Islands,auricularia2022@gmail.com,Female
waggle.2024,2019-06-17T18:07:08Z,India,unvibrating2064@yahoo.com,Female
RiemannianUnbesmeared.1854,2001-12-24T10:17:37Z,Poland,colorant1852@outlook.com,Other
artemis1904,2000-06-11T17:28:31Z,Monaco,combaz2030@yahoo.com,Fluid
Anilinophilous.2032,2001-09-30T23:13:04Z,Zambia,buddie2061@outlook.com,Female
adcox-1868,2008-03-15T19:49:55Z,Malaysia,lining1998@gmail.com,Male
UnideographicallyAdine-1942,2000-05-27T19:45:52Z,Jersey,reopen1846@yandex.com,Male
Asbestosis_2048,2005-03-04T17:44:18Z,Australia,backpacker1875@live.com,Other
decimolar.2062,2000-09-27T20:20:08Z,Uzbekistan,colts1804@gmail.com,Fluid
canamo_1827,2009-11-26T05:52:30Z,Curaçao,apraxia2065@yahoo.com,Female
Psychodynamic1899,2010-07-12T23:19:11Z,Falkland Islands,scattershot1902@live.com,Fluid
TooDispraiser-2026,2011-09-03T02:34:47Z,Romania,codfish1947@gmail.com,Female
Diwata.1803,2019-12-26T19:15:10Z,Gibraltar,kankie1869@yahoo.com,Other
wooled.2002,2010-07-21T19:25:09Z,St. Kitts & Nevis,chavender1921@yahoo.com,Fluid
suddens.1963,2011-07-11T23:22:14Z,Mayotte,dryers2038@gmail.com,Male
lemur-2050,2005-05-27T12:01:27Z,Mauritius,carcass2040@protonmail.com,Female
Oyster-2069,2002-05-13T23:58:56Z,Tunisia,factice1988@live.com,Male
Earwig-1882,2006-01-03T19:00:55Z,New Zealand,catacombs1841@live.com,Other
ragdoll2007,2007-10-17T18:35:45Z,St. Lucia,shivey1886@yandex.com,Male
decafid_2023,2003-01-04T14:29:34Z,Guam,jurisdictional1833@live.com,Female
Dougall.1860,2011-03-09T17:32:36Z,Mongolia,semicotyle2040@protonmail.com,Fluid
Spondulics.1954,2018-01-12T13:01:53Z,South Korea,listeriosis1985@protonmail.com,Fluid
bagpipes.1868,2016-12-31T23:42:13Z,Guam,serosa2019@protonmail.com,Female
Bulimia.1850,2020-03-16T19:14:48Z,Bangladesh,esurience1800@gmail.com,Female
Guineapig_2046,2018-10-11T21:13:38Z,Kazakhstan,apostolize1983@live.com,Male
paraflocculus.1952,2002-12-30T13:04:43Z,Suriname,dyspepsia1819@yandex.com,Male
available_1997,2002-09-13T11:11:57Z,Sudan,feoffee2043@outlook.com,Fluid
verdurer.1841,2017-01-21T05:27:01Z,Pitcairn Islands,acetract1809@yahoo.com,Female
PeriangiomaBackpacker_2027,2013-05-09T19:15:52Z,Falkland Islands,multibreak1806@yahoo.com,Other
Codeless_1908,2021-06-04T07:17:28Z,Angola,syed1939@protonmail.com,Male
zoner-2028,2006-10-11T10:27:20Z,Brazil,tannined1967@live.com,Male
squamipennes_1908,2000-02-26T07:56:54Z,Grenada,seining1871@protonmail.com,Male
KnurlyBoomerang_1946,2016-02-16T19:02:23Z,Lebanon,cliffs2036@outlook.com,Female
indetermined.1934,2000-09-15T20:08:02Z,Samoa,alyda1951@outlook.com,Fluid
closterium.1956,2002-06-13T13:21:49Z,Morocco,basin1954@yandex.com,Other
arrowy_1900,2011-12-28T08:35:44Z,Denmark,carlean1835@outlook.com,Female
noncircularly.1894,2008-12-17T04:20:18Z,Bhutan,belissa2033@outlook.com,Fluid
UneducateDunderhead-1987,2015-03-03T18:23:51Z,Austria,cameo1990@protonmail.com,Other
WorkbenchUnrooted-1964,2000-11-15T23:21:10Z,Niue,cherimoya1989@live.com,Other
AntheliaBurps-1817,2010-08-24T20:45:43Z,Estonia,content1918@gmail.com,Fluid
artemis.1824,2000-05-22T15:55:26Z,Pitcairn Islands,eagle2002@gmail.com,Female
CalabreseDiscus_2060,2016-12-21T14:18:51Z,Sint Maarten,cortina1935@protonmail.com,Other
awatch_1989,2006-01-18T02:51:04Z,United Kingdom,uncassock1927@yahoo.com,Male
Hemoglobin1826,2011-10-21T02:11:01Z,India,customize1940@live.com,Other
outscouring-1802,2002-09-01T04:16:28Z,Nauru,emu1914@live.com,Other
Septenate-2042,2009-05-09T12:38:34Z,Réunion,dreaminess2009@outlook.com,Male
guarded1980,2011-08-05T01:02:50Z,Iraq,bobbye1903@yandex.com,Fluid
Curate_2033,2007-11-07T11:41:56Z,Israel,launce1800@live.com,Other
Naturopathy1891,2012-02-22T23:27:41Z,Svalbard & Jan Mayen,darshi2028@live.com,Other
Brandice-2067,2003-08-23T03:38:05Z,Serbia,jay1927@protonmail.com,Other
unfeasibleness.2037,2018-06-13T06:07:52Z,India,calumny2036@live.com,Female
detours-1818,2002-09-26T13:37:22Z,Cocos,sigmodont1851@gmail.com,Female
CaprioleCarlock.1807,2019-08-03T04:05:31Z,Ascension Island,ciscos2006@yahoo.com,Fluid
AcolapissaFrettation-2021,2010-06-06T08:28:32Z,Faroe Islands,splays2018@live.com,Male
undog-1914,2001-08-01T18:11:23Z,Austria,subantarctic1968@outlook.com,Other
semesters1937,2000-11-15T01:25:45Z,Burundi,simpleminded1878@yahoo.com,Male
Impala1809,2014-11-19T05:26:02Z,St. Pierre & Miquelon,disobligatory1809@gmail.com,Female
enlivenment2016,2019-05-18T19:01:24Z,China,anionics1889@yandex.com,Female
Treacly.2027,2019-06-08T11:25:39Z,Portugal,debased2068@protonmail.com,Female
outcheat-1979,2000-01-04T22:18:40Z,Northern Mariana Islands,baton1965@outlook.com,Female
interabang1920,2001-07-30T14:17:07Z,Uruguay,recurrent2061@yahoo.com,Female
camelhair_1992,2018-10-15T19:37:11Z,Chile,marten2041@yahoo.com,Fluid
chough.1821,2005-01-22T19:34:26Z,Poland,discount1844@protonmail.com,Fluid
macroprism-2069,2015-12-13T21:24:14Z,Australia,possum1806@yahoo.com,Male
solarise1889,2012-03-21T05:24:01Z,Timor-Leste,chankings2020@yahoo.com,Other
pentachenium-1841,2011-12-09T13:04:42Z,U.S. Virgin Islands,pupillonian1865@yahoo.com,Male
Elaterist-1907,2021-05-15T15:34:44Z,Bosnia & Herzegovina,shrimp1833@outlook.com,Male
strutting2019,2021-11-10T15:18:37Z,Haiti,adcox1901@live.com,Fluid
Claustrum1937,2015-10-11T15:47:34Z,Trinidad & Tobago,collaborationists2021@gmail.com,Male
desolates1964,2020-11-21T15:08:18Z,New Caledonia,latuka1905@protonmail.com,Female
estheticism_1844,2017-08-09T09:21:51Z,Moldova,ribbons1885@yahoo.com,Fluid
consonantic_2032,2008-02-18T04:36:01Z,Tajikistan,altiplano1869@protonmail.com,Other
ape_2066,2014-07-20T08:07:06Z,Malta,interpretive1808@yandex.com,Fluid
ImmigratingLingering_1983,2004-12-19T10:45:10Z,Ceuta & Melilla,proclaimed1819@gmail.com,Fluid
Elianora1963,2001-01-20T01:08:23Z,Isle of Man,unbiblical1922@outlook.com,Other
Drumlin.2058,2015-09-05T14:12:34Z,Indonesia,allergy2039@gmail.com,Female
VertebrasBedrooms.1806,2011-03-14T07:34:48Z,Cuba,untended1815@outlook.com,Other
BullfrogRecreations_2055,2014-11-28T18:11:22Z,Caribbean Netherlands,curley2070@yandex.com,Fluid
Containerize.1914,2001-02-02T21:23:15Z,Pitcairn Islands,callorhynchus1876@yahoo.com,Fluid
dove_2059,2012-10-18T03:58:57Z,Sweden,dawns1869@yandex.com,Fluid
consecrator-2040,2001-08-30T03:43:00Z,Norfolk Island,achromic1972@protonmail.com,Male
BlotlessnessCirculate_2045,2004-06-14T06:03:06Z,Martinique,sperate2027@yandex.com,Male
didine2055,2004-11-10T13:41:33Z,Cambodia,normality1821@live.com,Male
Dervish1942,2002-01-22T10:45:58Z,Cambodia,poodle1915@outlook.com,Fluid
Cowtail1964,2008-03-24T06:52:43Z,Malaysia,assailants1988@yandex.com,Fluid
Presecuring_1874,2006-02-17T13:41:33Z,Georgia,bengalic1834@protonmail.com,Male
EmperorsTotoro_1945,2011-08-12T06:52:38Z,Jamaica,derelict1854@yandex.com,Male
Zillionaire.2052,2011-12-16T10:28:25Z,New Zealand,indignity1840@gmail.com,Male
anthonin-1976,2020-09-22T03:52:48Z,Mayotte,originally1968@yandex.com,Fluid
Indifferent2029,2011-01-31T17:43:04Z,St. Kitts & Nevis,multijet1950@outlook.com,Male
jebus-1929,2012-09-14T05:06:39Z,Mexico,bleach2042@yahoo.com,Female
DiscordingBumfs.2065,2020-06-18T01:15:34Z,Kuwait,viva1817@yandex.com,Other
OxalatesPreoblige.1821,2017-09-03T06:34:01Z,Svalbard & Jan Mayen,adown1873@yandex.com,Other
Carpool-1908,2014-03-21T15:30:21Z,Saudi Arabia,eunice2059@yandex.com,Female
DryasAlessand_1921,2003-12-22T21:57:57Z,Estonia,chores1800@yandex.com,Male
coinheres.2017,2000-02-09T02:22:52Z,Christmas Island,respirometric1869@outlook.com,Other
eller1973,2002-04-29T07:02:36Z,Belize,allergy1866@yandex.com,Male
Dupree-2069,2001-07-02T03:52:41Z,Taiwan,petal1908@gmail.com,Fluid
fagottino.1814,2013-05-13T19:42:31Z,Armenia,cascarilla1854@gmail.com,Female
ellie1939,2018-07-11T13:33:39Z,Turkey,hillock1936@protonmail.com,Fluid
hastings.2070,2010-08-20T11:59:58Z,Yemen,plasmic1973@gmail.com,Male
ConsultiveViper_1931,2011-11-28T12:14:46Z,Kuwait,ox1939@live.com,Male
CoffinmakerHoops-2066,2017-10-15T06:36:25Z,Jordan,buttered1827@protonmail.com,Male
preatomic.2017,2016-02-04T02:59:20Z,Hong Kong SAR China,built1933@yandex.com,Female
CorbanNonfeverishly_1833,2005-03-25T09:12:58Z,Angola,aloed1810@protonmail.com,Female
Invite2014,2018-01-04T09:03:59Z,Tokelau,semicotyle1979@gmail.com,Male
thwartship-1818,2011-11-01T16:16:01Z,Kiribati,vanished2009@yahoo.com,Fluid
PinnacleDalcassian_1990,2011-10-01T04:51:46Z,Burundi,contradiction1998@yahoo.com,Female
Defeatism.1800,2002-03-27T18:36:06Z,Palestinian Territories,complement1896@protonmail.com,Fluid
Antinormal-1889,2019-10-21T18:41:23Z,Iran,debus2012@live.com,Other
congregationist-1870,2017-03-20T01:22:59Z,Mayotte,snowdrop1800@yandex.com,Other
gnat-2017,2001-02-18T10:52:11Z,Belize,crackback1961@gmail.com,Female
cassowary1948,2014-05-09T04:06:56Z,Ceuta & Melilla,scarabaeus1903@gmail.com,Female
filemaker-1994,2018-12-21T17:25:26Z,Serbia,apoda1990@gmail.com,Female
PolybridEvzone.1895,2014-11-26T17:58:24Z,Liberia,stonelayer2064@protonmail.com,Other
Calefacient.1962,2015-09-29T17:48:39Z,Guinea,euphori1996@gmail.com,Male
BetelnutChinho.2029,2004-01-18T09:53:19Z,San Marino,europeanization2049@gmail.com,Female
NonincriminatingCashana_1962,2015-09-20T14:49:28Z,British Virgin Islands,pensionership2012@gmail.com,Fluid
Exhaustedness_1897,2018-11-17T19:01:55Z,Canada,bongo1884@gmail.com,Other
disconsolate.1991,2014-12-11T13:44:42Z,Belize,couple1975@outlook.com,Male
laurvikite-1978,2015-01-25T05:09:12Z,Ukraine,snidest1824@gmail.com,Other
imperforates1912,2016-03-24T04:00:43Z,Comoros,toxicologist2064@outlook.com,Female
dipak.2041,2021-03-12T19:59:43Z,Guernsey,redoxes2062@yandex.com,Male
ShadDziemian-1900,2000-11-02T12:44:51Z,U.S. Virgin Islands,coleopterous2059@yahoo.com,Female
Tootle.2013,2003-10-06T00:41:27Z,Cocos,callery2054@yandex.com,Other
secateurs.1802,2006-11-17T10:01:08Z,Central African Republic,scouth1994@protonmail.com,Female
KittenshipFocally_2066,2002-10-06T21:26:58Z,Malta,tonlet1836@outlook.com,Other
ImbuedConcrete-1966,2011-02-18T10:06:15Z,French Southern Territories,cebus1804@gmail.com,Other
CerebropedalExceedingly-1867,2007-10-11T02:48:58Z,Russia,overshadow1824@yahoo.com,Female
scorpion1981,2009-03-29T21:23:04Z,Japan,elephantiasis1966@live.com,Other
Canaller.1843,2006-12-21T22:36:51Z,Comoros,fairish2058@gmail.com,Female
EightsmenBarrels.1908,2012-11-21T05:21:21Z,Tanzania,adapa1820@yandex.com,Female
executed.1815,2003-12-10T05:49:45Z,Greenland,bluestocking1922@protonmail.com,Male
alleged1898,2017-08-03T11:11:48Z,Guatemala,divus1989@yandex.com,Male
PilgrimHorse.1940,2008-07-11T18:09:38Z,Libya,seugh1849@yahoo.com,Other
HamartiaInducting-1824,2013-09-25T07:24:22Z,Kosovo,malvasia1992@outlook.com,Female
cosimo1880,2001-06-27T14:10:18Z,United States,christia1909@yahoo.com,Fluid
liger_1822,2010-01-27T14:08:34Z,Liberia,defeatism2032@outlook.com,Other
Arracacha.1901,2006-09-23T06:35:05Z,Ecuador,elastica2009@live.com,Other
AborterCuarenta_1948,2015-10-01T02:35:56Z,Ecuador,heuchera2043@yandex.com,Fluid
AvouchRaphia_1955,2014-01-31T07:02:56Z,Norfolk Island,paediatric1989@protonmail.com,Male
paradise_1974,2010-08-11T00:56:48Z,Ghana,goldfish1949@gmail.com,Female
astoria.1896,2021-11-09T01:27:36Z,Bangladesh,dove2001@protonmail.com,Female
caban1859,2019-07-15T18:54:12Z,Colombia,ceruleum1812@gmail.com,Other
Ladyling.1815,2012-04-28T14:35:58Z,Greenland,guernsey1966@protonmail.com,Male
Defeatism1801,2006-03-03T01:13:42Z,Romania,alcalde1810@yandex.com,Fluid
hippidium_1865,2004-04-18T02:41:38Z,Canary Islands,ontography1939@outlook.com,Female
undertaken.1998,2006-04-12T02:15:02Z,Uzbekistan,artiller1948@outlook.com,Fluid
cocobolos1831,2018-09-14T08:05:41Z,Gabon,ravish1991@yandex.com,Other
TrachytesRelaces_1973,2001-09-30T18:47:52Z,American Samoa,phthalein1813@live.com,Male
sunshiny.1915,2017-07-27T10:39:46Z,Gabon,illano2053@yahoo.com,Other
Benward.2062,2010-12-26T19:25:49Z,Oman,cyamus1829@protonmail.com,Male
bewitch-1885,2007-04-07T07:26:42Z,United Kingdom,deipnosophism1808@gmail.com,Fluid
QueleaFormene_2026,2000-07-31T14:39:38Z,Ethiopia,centenary1903@protonmail.com,Other
memorableness.2046,2012-02-10T13:43:09Z,Mongolia,scrimpy1904@yandex.com,Female
unaltering2037,2006-08-10T13:08:51Z,Cape Verde,compunction1817@protonmail.com,Female
arrogant.1998,2003-04-17T19:11:59Z,Svalbard & Jan Mayen,aboard1973@yahoo.com,Fluid
dona.1867,2019-08-28T14:55:50Z,British Virgin Islands,suprastandard2052@live.com,Other
drummer.1887,2005-11-28T01:02:21Z,Kuwait,greyhen1802@protonmail.com,Other
Earring-1809,2004-11-13T03:12:52Z,Papua New Guinea,quoll1882@protonmail.com,Male
theek.1952,2009-03-03T04:37:07Z,Russia,imperforates1966@live.com,Male
BinetteUnframeable.1817,2009-04-08T05:03:13Z,Ukraine,anthracnose1909@gmail.com,Male
PregusticSpiritually_1850,2013-10-29T02:17:21Z,Nicaragua,bethlehem2034@protonmail.com,Fluid
kindle-1813,2010-03-13T06:30:37Z,Cambodia,belar1987@outlook.com,Other
DanielakCulinary_1907,2004-09-14T01:49:19Z,Samoa,erasement1905@outlook.com,Fluid
SuezOverfallen-1888,2001-01-17T07:48:11Z,Kiribati,disorganise1854@live.com,Fluid
theist.1899,2000-12-15T04:28:46Z,Turks & Caicos Islands,uniembryonate1856@outlook.com,Male
braggers1897,2003-04-01T21:12:50Z,French Southern Territories,business1921@gmail.com,Male
disbelief1963,2013-05-20T21:47:36Z,Cambodia,trichotomize1903@yandex.com,Other
FulgurousInfest.1977,2018-08-19T23:43:08Z,American Samoa,brogues1892@gmail.com,Male
AbusiveUnsanitation_1979,2010-06-26T18:04:09Z,Haiti,billows1859@protonmail.com,Fluid
oncogene_2029,2018-06-30T20:41:06Z,South Georgia & South Sandwich Islands,descendents1979@yahoo.com,Female
toughening.1925,2001-01-15T18:04:00Z,Israel,shark2030@outlook.com,Male
Ag-1846,2017-09-17T21:37:06Z,Cook Islands,supratrochlear2057@yahoo.com,Other
WimpleUnmelted.1813,2006-03-15T04:49:44Z,Mauritania,donica2042@yandex.com,Fluid
decertation.2041,2008-01-05T15:54:02Z,Czech Republic,parser1804@outlook.com,Female
ElveraProfaners.2054,2016-10-01T17:14:04Z,Tuvalu,fortes2062@protonmail.com,Male
procline1921,2009-04-30T19:38:15Z,Armenia,overincline2014@gmail.com,Female
CannibalNurls_1933,2018-02-20T11:22:24Z,Bosnia & Herzegovina,positive1859@live.com,Other
chlorozincate.1922,2011-01-16T10:54:47Z,Cocos,seaters2040@live.com,Other
BoardingUntinctured-1845,2006-12-17T08:43:52Z,Guam,baboonery1946@gmail.com,Female
Agnoite.1921,2002-04-19T08:30:58Z,Togo,animated2024@outlook.com,Male
GobioBruise_1993,2014-03-28T16:42:16Z,Eritrea,caterpillars1949@live.com,Male
DemissDistad.1811,2014-03-07T22:32:02Z,Guatemala,paseos1827@protonmail.com,Female
capetown.1809,2008-03-06T09:43:02Z,Pakistan,opossum2064@outlook.com,Male
mule_1946,2019-09-19T01:37:41Z,Lesotho,pseudovum1913@live.com,Female
Tovarish1942,2001-08-13T04:06:21Z,Macau SAR China,crumblier1985@protonmail.com,Male
BardolphEcocide.2054,2021-11-14T15:43:32Z,Venezuela,bourgeois1940@protonmail.com,Female
capelin.1875,2020-02-08T00:45:44Z,South Sudan,hometown1814@protonmail.com,Male
Abaft_1845,2020-02-25T04:33:40Z,Ceuta & Melilla,sulcate2001@gmail.com,Other
DeenaChirre_1854,2017-06-30T06:37:52Z,Bhutan,pederasts1946@gmail.com,Fluid
untightened2001,2014-11-30T07:57:09Z,U.S. Virgin Islands,pilocystic1839@gmail.com,Male
bornagain-1893,2012-11-09T19:04:01Z,Singapore,chamade1941@live.com,Male
CompliantBechern_1883,2009-06-17T23:22:08Z,Martinique,transistors2005@yandex.com,Male
intercom.1994,2020-05-23T20:04:55Z,São Tomé & Príncipe,bagdad1884@live.com,Female
Crustacean1805,2014-02-02T12:27:49Z,Uzbekistan,reconvenes2030@protonmail.com,Other
QuebrachosSapota-2060,2014-04-05T16:33:32Z,Faroe Islands,carolus1896@yahoo.com,Male
GastrohysterorrhaphyAcree-1908,2009-12-28T09:53:42Z,Venezuela,except1963@protonmail.com,Female
ProtologistScintillator_2057,2003-05-23T22:08:48Z,Romania,diploptera1934@live.com,Female
DentinSwabble.1969,2020-08-21T19:51:34Z,São Tomé & Príncipe,macrophyllous1816@outlook.com,Fluid
capybara1918,2013-12-20T19:31:53Z,Cook Islands,electrodesiccation2011@yandex.com,Other
corporeal.2035,2020-09-26T06:50:18Z,Portugal,aesthesodic2024@protonmail.com,Female
Mindsets1958,2006-04-15T09:06:56Z,Mexico,brydges1800@protonmail.com,Female
BagrationiteHysterodynia-2041,2000-01-17T22:16:05Z,Ceuta & Melilla,byron2053@protonmail.com,Other
Schnecken2002,2004-06-23T13:28:54Z,Mauritius,delight2013@live.com,Male
allegiances2000,2021-08-30T22:28:20Z,Namibia,paleornithologist1930@protonmail.com,Fluid
Lithopone_1836,2020-08-09T02:30:13Z,Gambia,superstoically2014@yahoo.com,Female
DaltFox-1927,2015-03-16T08:30:12Z,South Africa,billows1852@outlook.com,Fluid
Bribe1872,2001-04-24T09:40:28Z,Mauritius,albian1951@protonmail.com,Female
Stenocephaly1802,2009-12-04T05:30:00Z,Guam,coleslaw1818@yahoo.com,Fluid
Uncontenting.1961,2012-12-11T03:53:18Z,Gabon,novela1874@gmail.com,Fluid
sirvent.1878,2014-11-26T11:05:56Z,Albania,engluts1884@protonmail.com,Male
Euphonism1821,2002-03-13T20:59:38Z,Caribbean Netherlands,llama1879@protonmail.com,Male
AirflowBorated-1951,2003-01-07T10:34:42Z,Jamaica,endoperidial2033@yandex.com,Fluid
SnowshoeMagenta.2006,2000-01-14T00:44:00Z,Marshall Islands,pensionership1968@outlook.com,Male
scaled.1824,2006-06-14T18:03:38Z,Bahrain,efficience1957@yahoo.com,Female
Argentamin1836,2013-04-22T15:55:49Z,Kiribati,foraneous1931@live.com,Fluid
Beaux-2033,2020-06-03T17:03:50Z,South Sudan,rotundness1960@live.com,Other
eulalia.1889,2021-10-14T21:20:26Z,Finland,mink1921@gmail.com,Male
cambrian_1832,2001-11-16T20:06:49Z,Serbia,comix2011@protonmail.com,Other
Cordaites.2067,2016-08-15T13:32:32Z,United Kingdom,simpleminded1889@yandex.com,Fluid
Blais-2046,2007-06-01T17:27:29Z,North Korea,brach1866@outlook.com,Female
alliya1875,2011-06-10T16:03:55Z,Tokelau,fiducial1864@yandex.com,Other
Slithery1859,2010-03-25T11:37:47Z,Iceland,ditrematous1901@gmail.com,Other
bemis_2070,2006-07-07T11:35:02Z,Bangladesh,heft1800@gmail.com,Female
sledged_1904,2006-06-25T15:12:56Z,United Arab Emirates,clocks1800@live.com,Female
chimu_1871,2010-01-25T14:28:01Z,United Kingdom,agdistis1954@gmail.com,Other
Earring.1897,2004-01-02T14:26:06Z,Northern Mariana Islands,onions1962@yandex.com,Female
Externity.2023,2019-05-22T17:47:56Z,Somalia,diccon1954@gmail.com,Other
EndableImprejudice.1815,2011-10-19T09:47:53Z,Colombia,amazing1803@outlook.com,Male
african-1813,2000-08-02T21:01:43Z,Timor-Leste,zillionaire1873@yahoo.com,Male
RhodaWries.1836,2004-01-01T05:01:22Z,Tonga,brose1828@protonmail.com,Female
Cakiest1895,2004-10-28T03:42:57Z,Chad,burial1993@gmail.com,Female
apologies1977,2002-10-23T14:29:58Z,Belgium,maltese1954@yandex.com,Male
psychodispositional-1810,2005-05-06T16:13:41Z,Dominica,javanese1922@protonmail.com,Fluid
ElectrifiedChamping-2011,2008-11-17T09:28:34Z,Kenya,beechy2011@protonmail.com,Other
choosey.1938,2012-04-27T09:04:01Z,Macedonia,californicus1813@yandex.com,Female
abstruseness-1896,2012-03-27T06:09:03Z,Isle of Man,penstemon1946@outlook.com,Male
castell1980,2009-07-25T16:48:04Z,Luxembourg,iridescent1924@yahoo.com,Fluid
batule-1934,2018-07-25T00:42:47Z,Angola,ditone2035@protonmail.com,Female
Cornea1968,2005-02-10T11:40:58Z,Papua New Guinea,jay2013@yandex.com,Male
monotheistically.1932,2020-03-01T13:30:22Z,Nigeria,docherty2069@yandex.com,Female
basements-1830,2000-03-27T10:21:12Z,Macedonia,hypercalcemic1949@outlook.com,Male
Business1937,2009-10-18T00:35:26Z,Tristan da Cunha,blanca1833@yandex.com,Fluid
carinal.1966,2021-04-15T15:22:42Z,Central African Republic,veratroyl1933@gmail.com,Male
OverhumanizingPedicle.1865,2004-10-08T00:15:27Z,New Zealand,nuciculture1864@live.com,Other
elephant.2057,2020-05-07T03:30:56Z,Côte d’Ivoire,definitized1864@gmail.com,Male
suprafoliaceous-1999,2017-10-22T06:27:33Z,South Africa,cacara1837@protonmail.com,Female
Bantay-1931,2003-05-16T02:47:53Z,Peru,daimen1813@gmail.com,Fluid
physiognomist.2026,2020-12-02T13:39:01Z,Indonesia,dhurrie1920@live.com,Male
ultramaximal-2014,2013-03-18T21:30:19Z,Croatia,lemonweed1995@outlook.com,Fluid
chalon_1972,2020-08-29T17:10:42Z,North Korea,crossways1963@yandex.com,Fluid
Pasquilant-1807,2007-10-26T23:51:35Z,Sri Lanka,crinkly2021@outlook.com,Female
Brocks2049,2004-04-26T07:23:40Z,Cyprus,kinkajou1928@yandex.com,Fluid
Unprecipitantly.1804,2000-06-20T16:54:47Z,Venezuela,calefacient1833@gmail.com,Fluid
ElateristHyena_1914,2003-04-12T17:38:06Z,Tonga,dower2037@live.com,Male
Clifton1923,2006-07-22T23:32:58Z,St. Pierre & Miquelon,optoelectronic1880@outlook.com,Fluid
ClaritaEveryone.1993,2004-02-12T08:31:03Z,Sweden,burry2052@outlook.com,Female
AstersBurek-1946,2004-01-08T05:08:11Z,Finland,triphammer2047@yandex.com,Male
AmbivalentAshpan.2009,2017-09-02T01:38:35Z,St. Helena,elding1859@protonmail.com,Male
Zapateo.1898,2019-11-14T15:25:55Z,Malawi,contribution1946@yandex.com,Male
Electromassage_1901,2007-06-14T11:37:02Z,French Polynesia,pagandoms1841@yahoo.com,Fluid
basis_1929,2009-10-31T18:19:16Z,Diego Garcia,morpho2045@yahoo.com,Female
Tonlet1932,2011-04-21T20:40:36Z,Serbia,condom1997@live.com,Other
Annum_1834,2001-12-15T13:05:21Z,Vatican City,deipnophobia1952@live.com,Other
pager.1850,2014-01-18T10:17:02Z,St. Martin,punproof2004@yahoo.com,Other
abrasiometer_1892,2016-07-31T01:05:41Z,Antigua & Barbuda,exponent1892@live.com,Male
Deprive_1830,2019-08-11T17:42:53Z,South Sudan,impulsively2058@protonmail.com,Female
SambaFumous.1821,2012-10-29T02:14:47Z,Pakistan,repentingly1873@live.com,Male
Syphered-1829,2003-08-25T19:19:33Z,Ireland,cotys1920@live.com,Other
sectored.1935,2008-10-16T23:41:28Z,India,scumbag1805@protonmail.com,Male
PorcupineCapistrano.2032,2003-02-02T19:24:27Z,Turkey,longshoremen1988@protonmail.com,Male
groggy1868,2002-08-01T20:47:04Z,São Tomé & Príncipe,heteroclinous1942@yahoo.com,Fluid
tammies.1969,2004-06-11T02:26:59Z,Suriname,brightly1814@gmail.com,Fluid
CoquitlamAspherical.2032,2014-11-02T02:05:54Z,Turkey,decubitus2066@protonmail.com,Female
Canescent_1925,2016-07-22T00:19:33Z,Liberia,carburator1871@protonmail.com,Fluid
WrenAdermia.1917,2014-03-24T21:37:25Z,São Tomé & Príncipe,cauchy2003@outlook.com,Fluid
Outlet.1875,2018-08-24T23:08:57Z,Montenegro,toughie1905@yandex.com,Female
Adaptable.1947,2008-02-28T05:59:59Z,Nicaragua,goose1927@protonmail.com,Male
Aquatic_2048,2007-10-14T07:45:28Z,Puerto Rico,granddada1844@yandex.com,Female
pony-1997,2006-02-06T01:58:42Z,Greece,pyrogenicity2021@yandex.com,Fluid
Cougar-1930,2014-02-26T03:50:59Z,Iraq,montrachet2036@live.com,Fluid
Bloodless-1892,2012-08-07T00:32:20Z,Afghanistan,findings1876@outlook.com,Female
PhosphateRewards.1998,2015-08-28T04:45:26Z,Lebanon,bouche2031@protonmail.com,Other
reconvenes_2023,2018-06-26T18:24:43Z,Tajikistan,buckeye1977@yahoo.com,Other
inconsultable.2027,2012-01-11T21:40:14Z,Malawi,adine2022@yahoo.com,Other
slither_1983,2003-12-02T20:58:14Z,Sint Maarten,flattop1841@outlook.com,Male
Uncontenting.2015,2017-01-22T02:30:11Z,Vietnam,deckie2051@yahoo.com,Other
requisitely.1916,2003-07-04T05:45:00Z,Luxembourg,blasted1928@yahoo.com,Fluid
swankiness.1995,2003-06-03T05:12:40Z,Guernsey,chops2009@gmail.com,Female
EaglePedicab-2012,2003-02-28T23:59:19Z,Kazakhstan,abnormal1895@yandex.com,Male
euphonism.1893,2019-05-29T08:25:58Z,Comoros,ecocide2051@yahoo.com,Other
Dendrobatinae.1847,2007-09-22T07:59:24Z,Palestinian Territories,compulsed1817@yahoo.com,Female
ScorpionDartboard.2037,2010-08-12T11:52:14Z,Italy,blotto1851@live.com,Fluid
PeccableEcstasy.1948,2017-08-02T10:00:27Z,Bahamas,winkingly1832@live.com,Female
DifferentiatorVedism-1837,2000-08-29T07:27:29Z,Suriname,originally1846@protonmail.com,Fluid
DidusNonslipping-1808,2003-11-12T23:34:11Z,Kuwait,graciousness1801@protonmail.com,Female
agdistis1963,2000-02-22T07:34:50Z,Mayotte,skilling1888@yahoo.com,Fluid
hemicentrum_1855,2005-12-11T08:23:57Z,Austria,spice2048@yahoo.com,Other
IronyAnalyst-2044,2000-01-21T12:34:41Z,Congo - Brazzaville,centered1964@live.com,Male
DeservingFahey-1965,2011-07-26T04:57:44Z,Tokelau,hemicentrum1959@protonmail.com,Female
Whigling-1991,2016-08-27T23:36:04Z,Indonesia,entad1964@gmail.com,Female
SummationalStereotype_2065,2011-11-02T03:19:06Z,Mongolia,mongoose1849@gmail.com,Other
misdeemed_1890,2020-06-11T10:45:59Z,Iran,disciplinarianism2027@live.com,Female
PenciledDotted.1887,2010-07-30T19:35:31Z,Australia,congruism1968@yandex.com,Female
Candida-1821,2013-09-20T19:46:13Z,Gabon,ceruse1857@yahoo.com,Other
astor_1982,2013-10-27T11:06:38Z,Samoa,casey1818@gmail.com,Male
Autobiographal_1864,2012-04-21T06:32:14Z,Cuba,chukchi1861@protonmail.com,Other
DreyfusDecimolar.1832,2019-06-02T21:38:21Z,Niue,abounding2023@protonmail.com,Male
Zonkey1916,2005-03-15T04:25:18Z,Falkland Islands,became1865@protonmail.com,Other
abiezer.1938,2021-10-15T02:17:01Z,New Caledonia,influenzic1804@outlook.com,Fluid
CashanaDeer-1810,2007-08-03T22:42:55Z,South Georgia & South Sandwich Islands,bronze1818@outlook.com,Fluid
RefutedSignal_1828,2006-04-30T18:00:12Z,Myanmar,erena1963@live.com,Male
MaimedSawbucks.1922,2010-01-02T04:25:51Z,Zimbabwe,heeler1967@live.com,Female
Enderle.1963,2013-12-10T02:45:46Z,Maldives,episarkine1990@yandex.com,Female
births.1811,2020-08-24T15:24:10Z,Canada,elusory1836@yahoo.com,Male
bannet.1934,2000-09-18T04:12:18Z,Niger,lazying1933@yandex.com,Other
DumbsOverarching_1822,2004-08-04T09:56:15Z,Marshall Islands,worm1824@live.com,Other
PhlomisTires.1917,2013-06-12T18:43:42Z,Bangladesh,cabasset2034@outlook.com,Female
unfinable_1909,2021-10-20T21:15:28Z,Jordan,webster1805@yandex.com,Other
folkmotes-1976,2014-06-05T23:10:02Z,Laos,internship1983@yandex.com,Fluid
balcony.1912,2012-01-18T11:27:55Z,Mali,antinormal1913@outlook.com,Female
Aceology.2049,2016-04-15T05:19:39Z,Czech Republic,randir1935@gmail.com,Other
goladar.1835,2001-06-19T23:55:57Z,Brazil,chaya2059@yahoo.com,Fluid
Ailuropus1848,2011-11-25T09:36:53Z,Tristan da Cunha,discordia1844@live.com,Other
garbs.1969,2004-05-11T23:00:38Z,Tuvalu,catgut1964@yahoo.com,Fluid
Choctaw.1989,2001-07-04T00:56:51Z,Mauritius,agnomen1988@yahoo.com,Female
SawingConsciences.1948,2014-06-27T17:29:25Z,Belgium,allergy1834@live.com,Fluid
deselecting.1893,2013-11-29T14:39:46Z,Kiribati,oxalates1930@yandex.com,Female
wafer.1925,2004-06-28T15:58:48Z,Swaziland,bannet1965@protonmail.com,Female
topkick1974,2007-10-23T23:36:04Z,Venezuela,aspersion1924@live.com,Fluid
dosers_1868,2017-11-01T17:22:05Z,Mongolia,trillet1915@gmail.com,Other
AmentulumAbroad-1851,2011-09-10T09:19:47Z,Austria,crustacean1962@protonmail.com,Fluid
Tribromophenol-1995,2020-06-21T15:47:49Z,Faroe Islands,encloud1838@outlook.com,Male
Antonym.1838,2005-07-11T08:11:18Z,Nauru,concubitous1956@outlook.com,Female
Rodolphus.1801,2015-09-20T16:45:54Z,Papua New Guinea,occidentalism1951@gmail.com,Other
ThrowerPleurotoma.2017,2000-11-16T10:37:16Z,Pitcairn Islands,confused1811@gmail.com,Female
neutrologistic2038,2017-01-27T00:42:26Z,Burundi,boards1847@yahoo.com,Other
deprogramming1957,2000-10-29T11:52:47Z,Nepal,corvettes1960@yandex.com,Female
hyalinization-2013,2010-12-28T20:08:02Z,Marshall Islands,plummet1992@gmail.com,Fluid
tenant1909,2007-01-23T16:50:17Z,Honduras,deere2025@protonmail.com,Female
ReformatEverard-1995,2002-11-14T06:01:40Z,Cambodia,fabler1807@yahoo.com,Fluid
Trachea_1928,2020-10-08T20:46:23Z,Zambia,etalon1839@yahoo.com,Fluid
RhinoplastyDiscovert-1874,2005-03-06T18:05:03Z,Chile,commanding1975@protonmail.com,Female
Fox_2060,2013-08-30T19:04:14Z,South Georgia & South Sandwich Islands,rajarshi1868@yandex.com,Other
Ineye1806,2019-02-26T21:30:56Z,Papua New Guinea,street2012@live.com,Male
baalath.1964,2021-08-27T07:07:47Z,Sudan,feels2058@protonmail.com,Female
GasDachshund-1877,2010-08-13T10:41:32Z,Sri Lanka,kwashiorkor1823@yahoo.com,Fluid
Ragger_1967,2002-01-28T11:11:15Z,Argentina,antically2022@protonmail.com,Fluid
Tropidoleptus-1983,2014-03-18T06:16:01Z,Liechtenstein,cyclothyme1999@live.com,Male
erithacus1948,2015-07-06T22:56:59Z,South Georgia & South Sandwich Islands,damping1995@outlook.com,Female
CeltishUnvulgarized.1806,2019-04-07T12:25:11Z,Pitcairn Islands,divest1824@outlook.com,Fluid
addressee.1979,2010-11-05T03:40:06Z,Guadeloupe,sistering1909@outlook.com,Other
Interhabitation-1936,2017-03-25T21:56:47Z,Antarctica,despot2041@yahoo.com,Fluid
InterhabitationCircuits-2042,2001-10-11T10:42:23Z,San Marino,azido1810@outlook.com,Female
BitemeCoulter.1999,2021-07-17T11:55:08Z,St. Martin,bevvy2041@live.com,Female
banish.1837,2002-10-18T20:09:36Z,Thailand,timaliine1982@yahoo.com,Fluid
Viking.1933,2019-03-11T06:45:50Z,Peru,bender1808@protonmail.com,Other
Licencer1950,2001-05-15T17:03:58Z,Northern Mariana Islands,abyssinian2066@gmail.com,Other
crux_1969,2017-03-23T13:05:02Z,Kiribati,akinesia1813@live.com,Male
Bilbo2026,2004-07-28T20:57:34Z,Kiribati,acclimatise1898@gmail.com,Other
overview_2063,2017-02-16T00:57:00Z,Cape Verde,bullfrog1821@yahoo.com,Other
repassable1932,2013-12-29T22:33:44Z,Cape Verde,duck2038@outlook.com,Female
Mopeier-1948,2005-08-11T01:15:41Z,Ecuador,breaststroker1993@live.com,Female
MalpracticeKilling-2022,2020-02-29T05:40:31Z,Costa Rica,superstardom1849@yahoo.com,Male
AnthuriumsCooling_1992,2011-11-16T18:21:13Z,Samoa,ashleigh1977@gmail.com,Fluid
DisappearEcospecific_1815,2005-03-22T02:40:33Z,Honduras,undistrustfulness1881@yandex.com,Other
unmentionability.1866,2013-01-19T07:35:08Z,Kuwait,modestly1857@gmail.com,Male
Dustbox_1862,2015-11-23T06:57:54Z,Oman,desdemon1803@protonmail.com,Male
Saltee_1840,2018-07-29T21:41:13Z,Barbados,dicastic2053@yandex.com,Fluid
charmless-1836,2020-05-06T18:07:08Z,Seychelles,celature1963@protonmail.com,Female
become-1983,2015-12-08T07:50:50Z,Swaziland,afterlife1941@yahoo.com,Fluid
Sillago1925,2002-06-11T03:34:28Z,Philippines,balate2056@protonmail.com,Other
Bicentenarnaries_2039,2016-09-07T09:30:20Z,Bahamas,amphithuron1974@yandex.com,Fluid
fossa1951,2013-09-10T15:21:42Z,Zambia,unconflicting1997@gmail.com,Male
dyspepsia-1867,2002-05-17T22:03:54Z,Algeria,disproportionate1934@gmail.com,Fluid
Binits1941,2020-11-03T10:05:07Z,St. Lucia,fanner1848@live.com,Fluid
OrchestricCornice_1802,2014-06-13T02:25:36Z,Mauritania,arthuriana1889@live.com,Fluid
TransplaceChemistry_1921,2004-01-27T22:26:04Z,Monaco,calefacient1942@yahoo.com,Fluid
DichterBraggers-1934,2008-08-12T10:32:11Z,Côte d’Ivoire,agreeable1909@protonmail.com,Fluid
unbesmeared.1980,2011-05-30T20:46:51Z,Ukraine,shantey1827@outlook.com,Fluid
BourcierAxiomatic_1872,2011-10-18T12:44:39Z,Iran,legate1858@live.com,Female
appleton.2037,2007-02-22T13:20:12Z,Brunei,kibbutz1851@yandex.com,Other
adverted.1871,2008-12-03T01:47:19Z,Morocco,listeriosis2043@outlook.com,Male
erode.1923,2018-06-29T16:55:11Z,Yemen,anything1836@protonmail.com,Other
elgar-2068,2000-04-26T02:04:24Z,Rwanda,bloodless1887@outlook.com,Fluid
defoliant-1904,2014-05-18T01:45:46Z,Latvia,burstones1956@outlook.com,Other
BargemanEgipto-1905,2003-12-15T10:03:19Z,Guinea-Bissau,greener2045@protonmail.com,Fluid
lallans.1965,2019-01-26T22:12:56Z,Gibraltar,telegrams1954@yahoo.com,Other
QuinidinStreeking-2004,2020-05-27T19:05:36Z,Suriname,diaphane2069@outlook.com,Female
Apples2038,2008-01-24T05:14:23Z,Jersey,outlandish1880@yandex.com,Other
stork1858,2005-04-12T13:08:42Z,Cambodia,celesta1976@gmail.com,Female
AllthingErastus.1868,2019-03-17T04:20:41Z,Christmas Island,abiezer2029@yandex.com,Male
videotape-1983,2019-04-29T20:37:55Z,Antarctica,squirarchal2009@yandex.com,Female
Clinic2037,2019-03-23T09:26:00Z,China,adine1885@yandex.com,Female
gas1860,2009-07-20T17:23:58Z,Tajikistan,chipped1986@live.com,Other
pygofer.1832,2001-06-01T06:27:42Z,Cambodia,enkidu1941@yahoo.com,Male
Arthuriana_1955,2013-09-07T17:06:20Z,Netherlands,repressionary1942@live.com,Male
comically1933,2021-04-07T13:42:28Z,U.S. Outlying Islands,subelliptic1800@gmail.com,Female
sanatorium-1913,2017-02-11T02:01:24Z,Hungary,binman1854@gmail.com,Other
Articulate-1986,2003-10-10T23:07:53Z,Kenya,runnion2038@protonmail.com,Male
Strepsiceros_1822,2006-02-23T17:36:43Z,Swaziland,chaute1949@yandex.com,Female
Amentulum_1994,2009-03-06T14:59:39Z,Pakistan,baalath1813@protonmail.com,Fluid
pekingese1988,2011-09-11T21:30:09Z,Mongolia,charmless1915@yandex.com,Fluid
spiketail.1800,2015-04-26T18:25:32Z,Vatican City,loudmouthed1978@outlook.com,Fluid
HemicentrumScalp_1816,2011-03-25T12:10:54Z,St. Pierre & Miquelon,bison1955@yahoo.com,Fluid
RetractorBeefsteak-1833,2013-04-07T07:57:02Z,Mexico,twitty1813@protonmail.com,Other
Obscenity_1881,2003-04-11T21:55:38Z,Andorra,jimjums1832@outlook.com,Male
RajarshiBeliever-2027,2010-03-23T01:44:29Z,Austria,imprudential1992@yahoo.com,Female
egalites.2063,2018-09-02T12:17:20Z,Marshall Islands,marsupialia1870@live.com,Female
apropos.1840,2004-09-11T22:05:02Z,Guinea,skunk2052@yandex.com,Male
TympanectomyScorch_2052,2015-09-19T16:08:26Z,Japan,thousand1873@gmail.com,Female
Censorial.1969,2004-09-06T22:17:23Z,Bosnia & Herzegovina,replenished2065@protonmail.com,Fluid
Beelol.2024,2014-07-19T06:07:18Z,Croatia,charmeuse1896@yandex.com,Fluid
headsmen_1835,2021-04-04T06:18:29Z,Gambia,westwards2068@protonmail.com,Female
Adoree1943,2004-01-02T13:24:02Z,Uzbekistan,skinkers2042@outlook.com,Fluid
slub1995,2002-06-04T23:31:54Z,South Georgia & South Sandwich Islands,bedtime2008@gmail.com,Female
NoblifyAlligator-1900,2015-08-15T19:46:13Z,Canada,addicted2035@outlook.com,Fluid
Abime_1805,2014-03-14T02:59:19Z,Switzerland,costard1910@live.com,Fluid
Reaper-1867,2021-01-04T13:41:32Z,Kiribati,deek1859@yandex.com,Fluid
demarch-2043,2003-08-19T18:28:26Z,Namibia,byproducts1898@protonmail.com,Other
Inducing-2020,2011-02-15T17:41:38Z,Mauritius,processor1971@yahoo.com,Female
NainsooksAbstracted-1916,2011-06-07T11:02:07Z,Thailand,benthic1814@live.com,Male
RickstandDemarch.1883,2021-07-23T23:39:55Z,Rwanda,augeri1823@gmail.com,Other
ChattingRaccoon_1804,2012-02-21T09:10:56Z,Afghanistan,bahamian1870@yandex.com,Fluid
seduced_1949,2009-04-25T18:51:58Z,Gambia,dominate2013@yandex.com,Female
addis1821,2003-09-21T01:20:17Z,Tanzania,poundage1989@gmail.com,Fluid
ThumpsUnexpensive-1895,2016-11-24T23:13:20Z,Aruba,riotise2034@yandex.com,Fluid
kilometrage1963,2000-09-11T13:40:17Z,Mauritius,abiding1929@yahoo.com,Other
BathedDownstreet_1858,2009-01-08T01:19:21Z,St. Kitts & Nevis,corena1954@protonmail.com,Fluid
Onomatopy.1848,2017-01-03T04:04:36Z,South Georgia & South Sandwich Islands,diets2026@outlook.com,Female
bucerotidae.1956,2006-04-08T08:01:39Z,Nicaragua,crux1874@gmail.com,Male
morbility-1802,2001-06-04T20:46:39Z,Nauru,cooling1882@yahoo.com,Female
Blows_1986,2013-11-05T18:36:10Z,Canary Islands,hyena1862@live.com,Male
ApatosaurusCorrey-1886,2020-06-23T11:38:39Z,Palau,mosquito1885@protonmail.com,Other
Unlibellously2003,2001-10-20T09:38:10Z,Andorra,monkhood1810@outlook.com,Fluid
BaggyBadminton-1824,2009-09-25T11:01:27Z,U.S. Outlying Islands,dosanjh1860@outlook.com,Fluid
EnglutsTwattles.1888,2004-06-04T03:51:13Z,Slovakia,caslon1888@protonmail.com,Other
BulimiaChafeweed_1837,2008-09-03T08:19:51Z,St. Pierre & Miquelon,annoying2028@gmail.com,Other
uncircumvented.2028,2002-05-25T00:21:42Z,Malta,anglist1958@protonmail.com,Other
Calcar_2009,2007-09-26T09:51:24Z,Cayman Islands,ethenyl1907@live.com,Other
Bolio-1866,2011-09-06T09:57:14Z,Bosnia & Herzegovina,chapfallen1876@yandex.com,Male
ScintillatorCardiff-2023,2020-10-16T08:02:48Z,Dominican Republic,armando1804@yahoo.com,Fluid
dewberry_1914,2010-03-14T06:30:37Z,Cocos,colene2047@protonmail.com,Female
AdirondackBoden-1944,2005-05-07T23:26:51Z,Western Sahara,cagatay1808@outlook.com,Male
Afloat_1950,2009-10-05T05:50:02Z,Congo - Kinshasa,aural1950@outlook.com,Male
Outlandish.1896,2016-06-13T21:58:14Z,Diego Garcia,myelopathy2065@protonmail.com,Male
Casey.1923,2007-11-29T19:00:57Z,Iran,rudiment1832@gmail.com,Fluid
ChimuBarse_1892,2003-08-17T12:53:24Z,Albania,couturier1852@yahoo.com,Female
PachyteneSiberian-1984,2017-02-09T08:28:28Z,Egypt,caplin1994@protonmail.com,Fluid
electrocute1998,2010-05-21T04:12:56Z,Ceuta & Melilla,bewitch1946@yandex.com,Other
Butting.2011,2020-12-07T15:47:30Z,Fiji,anisodactyle2067@protonmail.com,Fluid
emollient.1855,2017-02-08T11:39:47Z,Tanzania,fulgurous1969@outlook.com,Other
marten.1917,2014-03-10T15:08:42Z,Swaziland,murexid1891@yahoo.com,Male
Buddie.1918,2017-01-20T12:12:51Z,Haiti,bat1989@gmail.com,Male
DetailCrinoline_1952,2001-01-08T12:34:36Z,Jersey,caterpillar1914@yandex.com,Fluid
reshoulder1857,2011-01-02T19:18:42Z,Sweden,pocketful1907@outlook.com,Female
Overdiscount-1833,2003-08-30T06:13:22Z,Sint Maarten,eulalia1833@yandex.com,Male
InmeatsBedlamic-1881,2007-12-09T23:50:19Z,Uganda,unsanitation2057@protonmail.com,Fluid
alvera.1967,2013-12-21T20:48:29Z,Sri Lanka,insular2002@gmail.com,Other
Habilimented.2001,2020-11-23T20:11:17Z,Mayotte,ental1804@yandex.com,Male
reflowers.2028,2006-10-10T05:08:47Z,Malaysia,copperfield1863@gmail.com,Other
OxalatesNaturopathy-1945,2004-04-05T06:22:09Z,Trinidad & Tobago,cruche1962@yandex.com,Female
triplocaulescent1999,2010-12-16T06:27:45Z,French Guiana,cohesion1843@gmail.com,Other
abridged.1973,2002-12-06T02:51:31Z,Côte d’Ivoire,brindlish1945@protonmail.com,Fluid
Dutiful-1924,2002-07-23T18:03:31Z,Barbados,holoptic1952@outlook.com,Female
fluffs1892,2020-12-23T07:53:57Z,Vanuatu,dickerson1867@yandex.com,Fluid
girlies_1946,2003-06-04T08:06:34Z,Tanzania,stacker2052@yahoo.com,Fluid
Ceremonies.1807,2021-02-07T05:23:51Z,Marshall Islands,siberian1925@live.com,Female
BallotsDougall.2007,2004-08-30T12:15:20Z,Bermuda,fanner1988@gmail.com,Female
Heth_1950,2008-04-05T17:11:12Z,Seychelles,overgratefulness1926@yandex.com,Other
hydroscopicity-1873,2012-03-11T14:35:51Z,Greece,dollishly2060@protonmail.com,Male
UtterancyGubernacular_2067,2008-09-23T14:03:09Z,Tajikistan,paterero1838@outlook.com,Other
Browning2040,2014-09-05T00:31:18Z,Switzerland,profaners2067@gmail.com,Male
Curite.1967,2016-09-25T00:01:24Z,British Indian Ocean Territory,donica1855@gmail.com,Fluid
oxeyes.1991,2016-08-31T17:48:59Z,Madagascar,alcalde1945@outlook.com,Male
Congregationist-1926,2013-05-21T13:32:40Z,Zambia,mustered1808@yahoo.com,Other
Atavistic_2029,2002-12-12T15:46:28Z,St. Martin,bashalick2051@outlook.com,Other
crackback.1971,2005-11-11T06:58:30Z,Micronesia,coatimundi1817@protonmail.com,Male
ExplosionBeaux.2057,2001-04-30T20:02:50Z,Equatorial Guinea,nonseparable1843@yandex.com,Male
AntinormalSandpiper.2064,2010-05-27T07:17:12Z,Luxembourg,shipwrightry1829@gmail.com,Fluid
scallywags1807,2016-01-07T11:49:14Z,French Polynesia,invict1873@live.com,Female
aluta2041,2018-05-26T16:40:34Z,China,ladybugs1898@protonmail.com,Male
legator_1815,2000-03-20T02:26:16Z,Ethiopia,verbenaceae1956@yahoo.com,Fluid
VisesCabral_1831,2012-12-10T18:46:24Z,Canary Islands,bakers1872@outlook.com,Female
cohabitants_2047,2004-10-17T03:35:19Z,Cameroon,doina1993@gmail.com,Female
readiness_1950,2013-10-11T19:17:31Z,Madagascar,sorest1849@yahoo.com,Male
dowse.1897,2018-12-23T03:49:50Z,Peru,chrisman2056@protonmail.com,Male
burgle_1806,2007-02-17T23:03:10Z,Russia,loupes1975@yahoo.com,Male
Scalded.2027,2010-11-14T10:56:13Z,New Zealand,donica1934@outlook.com,Other
arzun.2010,2021-07-03T14:19:17Z,Iraq,simpleminded1950@gmail.com,Other
TranschannelRenograms_1829,2013-10-30T14:22:01Z,Ascension Island,comate1870@outlook.com,Other
recrank_2069,2000-06-17T12:14:49Z,Honduras,waylay1979@live.com,Female
ArlinBasile.1896,2013-02-13T17:18:20Z,Mexico,draughtsman1885@yahoo.com,Female
absurd.1803,2000-09-24T01:34:31Z,Gibraltar,methylacetanilide1882@live.com,Fluid
towelette1843,2015-09-27T07:31:36Z,Anguilla,copious1842@live.com,Other
coggly_1825,2018-08-04T19:08:24Z,Syria,aspidium1830@yahoo.com,Male
UpshoveLoupes_1959,2007-10-23T22:49:50Z,Guinea,abstinent2017@live.com,Male
Betassel-1867,2002-09-06T03:40:46Z,Bosnia & Herzegovina,giddier1950@yandex.com,Other
groggy1995,2015-05-23T16:51:41Z,Lebanon,darnel2043@live.com,Male
fulgurous1832,2017-08-10T07:09:35Z,Niue,scheme2060@outlook.com,Female
AshcakeSkere.1918,2008-03-02T23:15:20Z,Faroe Islands,backcross1952@outlook.com,Male
ArmenoidLubberliness_2032,2002-09-05T13:26:07Z,Romania,creamier2068@yandex.com,Female
preexposes.1842,2005-08-24T16:16:53Z,Belarus,unaltering1887@protonmail.com,Fluid
Bronchiole.1812,2016-02-02T12:26:23Z,Kyrgyzstan,arpita2024@yahoo.com,Other
unilamellar.2032,2003-01-18T14:38:11Z,Iraq,zeuzera1843@yahoo.com,Other
OffspringsRurally.1863,2012-07-12T17:34:31Z,Guam,skere1927@gmail.com,Male
Unroomy-1901,2009-06-19T07:15:46Z,Poland,enrapted2046@live.com,Male
divinely-2069,2006-05-26T19:04:16Z,Antigua & Barbuda,bloodstains2025@yahoo.com,Other
architeuthis1905,2008-11-22T21:14:23Z,Antigua & Barbuda,cherlyn1861@yandex.com,Male
AjarInvict_1861,2005-09-11T04:00:08Z,Western Sahara,racon1838@protonmail.com,Other
plectridium-1842,2014-06-03T05:06:42Z,Botswana,wryest1846@gmail.com,Female
horsiest-2019,2003-06-11T02:50:17Z,Afghanistan,coolest1917@protonmail.com,Other
ResignfulSecateurs.1954,2004-08-05T10:25:59Z,Japan,erythrocyte1830@live.com,Fluid
ConsolidatedFatidical-1966,2020-08-02T20:48:14Z,Norway,unsquirming1842@protonmail.com,Other
PrefinancedUnstaffed.1915,2006-09-14T06:31:03Z,Madagascar,chetan2053@yahoo.com,Male
Backcross-1858,2015-11-07T20:34:38Z,Spain,calctufa1972@yandex.com,Other
repressionary-1898,2008-10-12T16:32:01Z,Saudi Arabia,chafeweed1831@outlook.com,Male
Overlow_1855,2002-05-30T07:03:11Z,India,malik1979@yahoo.com,Female
SomaliCalvary.1893,2002-04-13T21:45:53Z,India,clannishly2062@gmail.com,Female
Lithoclase-1804,2017-02-03T15:47:50Z,Guyana,serval2041@outlook.com,Male
burian.1942,2000-12-13T13:11:26Z,Hungary,flits1969@gmail.com,Female
mouse_1818,2019-07-29T19:49:37Z,Lithuania,pluviography2039@gmail.com,Other
Popularise-1947,2020-06-30T23:21:49Z,Ukraine,euonymus2022@yahoo.com,Male
Preorganize.1866,2015-01-08T04:12:00Z,Samoa,arsonium1899@yandex.com,Female
bewitch.1895,2007-10-22T08:45:23Z,New Zealand,alshain1985@yahoo.com,Fluid
Trypaneidae_1843,2011-10-13T05:31:35Z,Tuvalu,killing1844@yahoo.com,Male
disorganise_2044,2014-05-27T06:16:22Z,Tanzania,seatbelts1818@live.com,Female
apostolize_2046,2012-10-28T09:52:29Z,Denmark,otter1918@yahoo.com,Female
Iguana.1808,2017-09-03T00:39:36Z,United Kingdom,ethically1937@gmail.com,Fluid
HabenariaAthelia.1959,2020-12-13T02:57:31Z,Tajikistan,levering1950@yahoo.com,Other
darics-2003,2018-09-03T22:58:41Z,Ecuador,spiritually1876@protonmail.com,Female
oenin_2060,2016-05-11T20:42:22Z,Samoa,sperate1802@live.com,Fluid
Corkey.2027,2015-02-14T03:49:33Z,Czech Republic,blotlessness2014@outlook.com,Male
Lubberliness-1952,2004-01-22T03:16:54Z,St. Vincent & Grenadines,septembral2067@yahoo.com,Fluid
Beylic1969,2013-05-30T22:49:52Z,Hong Kong SAR China,represented1946@yahoo.com,Male
infirmness.1839,2019-10-23T10:23:26Z,Kyrgyzstan,thick1957@outlook.com,Fluid
cashana_1918,2019-01-25T18:14:05Z,Nigeria,defiant1914@yahoo.com,Fluid
Hucksterage-1921,2000-09-12T20:06:39Z,Isle of Man,rothesay1884@protonmail.com,Fluid
Hoidening-1857,2016-02-09T06:46:52Z,South Africa,charmeuse1808@yahoo.com,Male
UnbrotherlinessRegauges.2039,2014-05-04T03:27:39Z,Denmark,frazzled2050@yahoo.com,Fluid
nonincriminating1996,2016-05-20T00:20:40Z,Tonga,capitalism2016@live.com,Fluid
Arles.1816,2019-04-10T07:06:14Z,Serbia,overurbanization2013@outlook.com,Female
Waddie1904,2013-03-10T22:30:29Z,Côte d’Ivoire,delightingly2001@outlook.com,Female
Postfire_1806,2005-04-22T02:14:07Z,Nicaragua,baton2063@protonmail.com,Male
biovular.1955,2009-05-27T04:02:59Z,Bahrain,ridottos1923@protonmail.com,Male
Utilize-1932,2009-07-22T02:01:46Z,Syria,equvalent2014@outlook.com,Female
Couturier_1927,2015-09-01T13:12:33Z,Guadeloupe,horsiest1959@yahoo.com,Other
Capetown.1926,2013-04-27T11:10:15Z,French Polynesia,nonimposition1979@live.com,Fluid
Apostolize_1906,2010-04-29T20:58:45Z,Indonesia,sippingly2055@yandex.com,Other
UltramaximalVandalic-1821,2002-10-09T03:50:36Z,Iraq,mazard1845@gmail.com,Female
NarcotizationCappadine.1830,2010-03-19T05:19:13Z,Zambia,anterograde1824@outlook.com,Female
aliyos2032,2014-12-10T17:54:31Z,Maldives,ballots2070@yahoo.com,Male
